{
	"credit": "Made by Falanta Fantomo with Blockbench",
	"texture_size": [32, 32],
	"textures": {
		"main": "present_hill:block/brick_wall",
		"vertical": "present_hill:block/brick_wall",
		"particle": "present_hill:block/brick_wall"
	},
	"elements": [
		{
			"from": [0, 0, 0],
			"to": [32, 32, 32],
			"faces": {
				"north": {"uv": [0, 0, 16, 16], "texture": "#main","cullface":"north"},
				"east": {"uv": [0, 0, 16, 16], "texture": "#main","cullface":"east"},
				"south": {"uv": [0, 0, 16, 16], "texture": "#main","cullface":"south"},
				"west": {"uv": [0, 0, 16, 16], "texture": "#main","cullface":"west"},
				"up": {"uv": [0, 0, 16, 16], "texture": "#vertical","cullface":"up"},
				"down": {"uv": [0, 0, 16, 16], "texture": "#vertical","cullface":"down"}
			}
		}
	],
	"gui_light": "front",
	"display": {
		"thirdperson_righthand": {
			"rotation": [75, 45, 0],
			"translation": [0, 2.5, 0],
			"scale": [0.1, 0.1, 0.1]
		},
		"thirdperson_lefthand": {
			"rotation": [75, 45, 0],
			"translation": [0, 2.5, 0],
			"scale": [0.1, 0.1, 0.1]
		},
		"firstperson_righthand": {
			"rotation": [0, 45, 0],
			"scale": [0.2, 0.2, 0.2]
		},
		"firstperson_lefthand": {
			"rotation": [0, 45, 0],
			"scale": [0.2, 0.2, 0.2]
		},
		"ground": {
			"scale": [0.1, 0.1, 0.1]
		},
		"gui": {
			"translation": [-4, -4, 0],
			"scale": [0.5, 0.5, 0.5]
		},
		"fixed": {
			"rotation": [-90, 0, 0],
			"translation": [0, 0, -16],
			"scale": [2, 2, 2]
		}
	}
}