{
	"credit": "Made by Falanta Fantomo with Blockbench",
	"textures": {
		"particle": "red_leaves:block/cut/brick_wall_01",
		"wall": "red_leaves:block/cut/brick_wall_01"
	},
	"elements": [
		{
			"from": [3, 0, 0],
			"to": [13, 16, 13],
			"faces": {
				"north": {"uv": [3, 0, 13, 16], "texture": "#wall", "cullface": "north"},
				"east": {"uv": [3, 0, 16, 16], "texture": "#wall"},
				"west": {"uv": [0, 0, 13, 16], "texture": "#wall"},
				"up": {"uv": [3, 0, 13, 13], "texture": "#wall", "cullface": "up"},
				"down": {"uv": [3, 3, 13, 16], "texture": "#wall", "cullface": "down"}
			}
		}
	]
}