{
	"credit": "Made by Falanta Fantomo with Blockbench",
	"texture_size": [32, 32],
	"textures": {
		"particle": "red_leaves:block/conus",
		"main": "red_leaves:block/conus"
	},
	"elements": [
		{
			"from": [2, -6, 8],
			"to": [14, 12, 8],
			"rotation": {"angle": 0, "axis": "y", "origin": [8, 2, 8]},
			"faces": {
				"north": {"uv": [0, 0, 6, 9], "texture": "#main"},
				"east": {"uv": [0, 0, 0, 9], "texture": "#missing"},
				"south": {"uv": [6, 0, 0, 9], "texture": "#main"},
				"west": {"uv": [0, 0, 0, 9], "texture": "#missing"},
				"up": {"uv": [0, 0, 6, 0], "texture": "#missing"},
				"down": {"uv": [0, 0, 6, 0], "texture": "#missing"}
			}
		},
		{
			"from": [8, -6, 2],
			"to": [8, 12, 14],
			"rotation": {"angle": 0, "axis": "y", "origin": [8, 2, 8]},
			"faces": {
				"north": {"uv": [0, 0, 0, 9], "texture": "#missing"},
				"east": {"uv": [0, 0, 6, 9], "texture": "#main"},
				"south": {"uv": [0, 0, 0, 9], "texture": "#missing"},
				"west": {"uv": [6, 0, 0, 9], "texture": "#main"},
				"up": {"uv": [0, 0, 6, 0], "rotation": 90, "texture": "#missing"},
				"down": {"uv": [0, 0, 6, 0], "rotation": 270, "texture": "#missing"}
			}
		},
		{
			"from": [3, -8, 3],
			"to": [13, -6, 13],
			"rotation": {"angle": -45, "axis": "y", "origin": [8, 2, 8]},
			"faces": {
				"north": {"uv": [11, 0, 16, 1], "texture": "#main"},
				"east": {"uv": [11, 3, 16, 4], "texture": "#main"},
				"south": {"uv": [11, 2, 16, 3], "texture": "#main"},
				"west": {"uv": [11, 1, 16, 2], "texture": "#main"},
				"up": {"uv": [6, 0, 11, 5], "texture": "#main"}
			}
		}
	],
	"gui_light": "front",
	"display": {
		"thirdperson_righthand": {
			"rotation": [75, 45, 0],
			"translation": [0, 2.5, 0],
			"scale": [0.1, 0.1, 0.1]
		},
		"thirdperson_lefthand": {
			"rotation": [75, 45, 0],
			"translation": [0, 2.5, 0],
			"scale": [0.1, 0.1, 0.1]
		},
		"firstperson_righthand": {
			"rotation": [0, 45, 0],
			"scale": [0.2, 0.2, 0.2]
		},
		"firstperson_lefthand": {
			"rotation": [0, 45, 0],
			"scale": [0.2, 0.2, 0.2]
		},
		"ground": {
			"scale": [0.1, 0.1, 0.1]
		},
		"gui": {
			"rotation": [20, 135, 0],
			"translation": [0, 4.25, 0],
			"scale": [0.9, 0.65, 0.65]
		},
		"fixed": {
			"rotation": [-90, 0, 0],
			"translation": [0, 0, -16],
			"scale": [2, 2, 2]
		}
	}
}