{
	"credit": "Made by Falanta Fantomo with Blockbench",
	"parent": "block/block",
	"textures": {
		"bottom": "block/prismarine",
		"particle": "block/cobbled_deepslate",
		"main": "block/cobbled_deepslate"
	},
	"elements": [
		{
			"from": [0, 0, 0],
			"to": [8, 8, 16],
			"faces": {
				"up": {"uv": [0, 0, 8, 16], "texture": "#main"}
			}
		},
		{
			"from": [8, 8, 0],
			"to": [16, 16, 16],
			"faces": {
				"west": {"uv": [0, 0, 16, 8], "texture": "#bottom"},
				"up": {"uv": [8, 0, 16, 16], "texture": "#bottom", "cullface": "up"}
			}
		}
	],
	"display": {
		"thirdperson_lefthand": {
			"rotation": [75, -135, 0],
			"translation": [0, 2.5, 0],
			"scale": [0.375, 0.375, 0.375]
		},
		"gui": {
			"rotation": [30, 135, 0],
			"scale": [0.625, 0.625, 0.625]
		},
		"head": {
			"rotation": [0, -90, 0]
		}
	}
}