{
	"credit": "Made by Falanta Fantomo with Blockbench",
	"texture_size": [32, 32],
	"textures": {
		"1": "red_leaves:block/cut/brick_wall_01",
		"particle": "red_leaves:block/roof",
		"main": "red_leaves:block/roof"
	},
	"elements": [
		{
			"from": [3, 0, 3],
			"to": [13, 4, 16],
			"rotation": {"angle": 0, "axis": "y", "origin": [8, 8, 8]},
			"faces": {
				"north": {"uv": [10, 0, 12, 5], "rotation": 90, "texture": "#main"},
				"south": {"uv": [10, 0, 12, 5], "rotation": 90, "texture": "#main"}
			}
		},
		{
			"from": [3, -16, 3],
			"to": [13, 0, 3],
			"rotation": {"angle": 0, "axis": "y", "origin": [8, 8, 8]},
			"faces": {
				"north": {"uv": [3, 0, 13, 16], "texture": "#1"}
			}
		},
		{
			"from": [10.12132, -1.19239, 3.01],
			"to": [11.12132, 5.87868, 15.99],
			"rotation": {"angle": -45, "axis": "z", "origin": [8, 8, 8]},
			"faces": {
				"north": {"uv": [9, 0, 9.5, 2.5], "texture": "#main"},
				"south": {"uv": [9.5, 0, 10, 2.5], "texture": "#main"},
				"west": {"uv": [0, 5.5, 6.5, 8], "texture": "#main"}
			}
		},
		{
			"from": [4.87868, -1.19239, 3.01],
			"to": [5.87868, 5.87868, 15.99],
			"rotation": {"angle": 45, "axis": "z", "origin": [8, 8, 8]},
			"faces": {
				"north": {"uv": [9.5, 0, 10, 2.5], "texture": "#main"},
				"east": {"uv": [1.5, 5.5, 8, 8], "texture": "#main"},
				"south": {"uv": [9, 0, 9.5, 2.5], "texture": "#main"}
			}
		}
	],
	"display": {
		"thirdperson_righthand": {
			"rotation": [75, 45, 0],
			"translation": [0, 2.5, 0],
			"scale": [0.1, 0.1, 0.1]
		},
		"thirdperson_lefthand": {
			"rotation": [75, 45, 0],
			"translation": [0, 2.5, 0],
			"scale": [0.1, 0.1, 0.1]
		},
		"firstperson_righthand": {
			"rotation": [0, 45, 0],
			"scale": [0.2, 0.2, 0.2]
		},
		"firstperson_lefthand": {
			"rotation": [0, 45, 0],
			"scale": [0.2, 0.2, 0.2]
		},
		"ground": {
			"scale": [0.1, 0.1, 0.1]
		},
		"gui": {
			"rotation": [20, -135, 0],
			"scale": [0.5, 0.5, 0.5]
		},
		"fixed": {
			"rotation": [-90, 0, 0],
			"translation": [0, 0, -16],
			"scale": [2, 2, 2]
		}
	}
}