{
	"credit": "Made by Falanta Fantomo with Blockbench",
	"texture_size": [32, 32],
	"textures": {
		"particle": "red_leaves:block/roof",
		"main": "red_leaves:block/roof"
	},
	"elements": [
		{
			"from": [3, 0, 3],
			"to": [19, 16, 3],
			"rotation": {"angle": 0, "axis": "y", "origin": [11, 8, 8]},
			"faces": {
				"north": {"uv": [8, 8, 16, 16], "texture": "#main"}
			}
		},
		{
			"from": [11, -3.31371, 3.01],
			"to": [12, 19.31371, 15.99],
			"rotation": {"angle": -45, "axis": "z", "origin": [11, 8, 8]},
			"faces": {
				"north": {"uv": [8, 0, 8.5, 8], "texture": "#main"},
				"west": {"uv": [1.5, 0, 8, 8], "texture": "#main"}
			}
		}
	],
	"display": {
		"thirdperson_righthand": {
			"rotation": [75, 45, 0],
			"translation": [0, 2.5, 0],
			"scale": [0.1, 0.1, 0.1]
		},
		"thirdperson_lefthand": {
			"rotation": [75, 45, 0],
			"translation": [0, 2.5, 0],
			"scale": [0.1, 0.1, 0.1]
		},
		"firstperson_righthand": {
			"rotation": [0, 45, 0],
			"scale": [0.2, 0.2, 0.2]
		},
		"firstperson_lefthand": {
			"rotation": [0, 45, 0],
			"scale": [0.2, 0.2, 0.2]
		},
		"ground": {
			"scale": [0.1, 0.1, 0.1]
		},
		"gui": {
			"rotation": [20, -135, 0],
			"scale": [0.5, 0.5, 0.5]
		},
		"fixed": {
			"rotation": [-90, 0, 0],
			"translation": [0, 0, -16],
			"scale": [2, 2, 2]
		}
	}
}