{
	"credit": "Made by Falanta Fantomo with Blockbench",
	"texture_size": [64, 64],
	"textures": {
		"particle": "red_leaves:block/street_lamp",
		"main": "red_leaves:block/street_lamp"
	},
	"elements": [
		{
			"from": [-3, -3, 8],
			"to": [19, 3, 8],
			"rotation": {"angle": 0, "axis": "y", "origin": [0, -32, 0]},
			"faces": {
				"north": {"uv": [10.5, 0, 16, 1.5], "texture": "#main"},
				"south": {"uv": [16, 0, 10.5, 1.5], "texture": "#main"}
			}
		},
		{
			"from": [14, 13, 8],
			"to": [21, 15, 8],
			"rotation": {"angle": 0, "axis": "y", "origin": [17.5, 14, 8]},
			"faces": {
				"north": {"uv": [10.5, 1.5, 12.25, 2], "texture": "#main"},
				"south": {"uv": [12.25, 1.5, 10.5, 2], "texture": "#main"}
			}
		},
		{
			"from": [17.5, 13, 4.5],
			"to": [17.5, 15, 11.5],
			"rotation": {"angle": 0, "axis": "y", "origin": [17.5, 14, 8]},
			"faces": {
				"east": {"uv": [10.5, 1.5, 12.25, 2], "texture": "#main"},
				"west": {"uv": [12.25, 1.5, 10.5, 2], "texture": "#main"}
			}
		},
		{
			"from": [14.5, 3, 5],
			"to": [20.5, 13, 11],
			"rotation": {"angle": 45, "axis": "y", "origin": [17.5, 8, 8]},
			"faces": {
				"north": {"uv": [9, 0, 10.5, 2.5], "texture": "#main"},
				"east": {"uv": [9, 0, 10.5, 2.5], "texture": "#main"},
				"south": {"uv": [9, 0, 10.5, 2.5], "texture": "#main"},
				"west": {"uv": [9, 0, 10.5, 2.5], "texture": "#main"},
				"up": {"uv": [7.5, 0, 9, 1.5], "rotation": 90, "texture": "#main"},
				"down": {"uv": [7.5, 1.5, 9, 3], "rotation": 90, "texture": "#main"}
			}
		},
		{
			"from": [-4.5, 3, 5],
			"to": [1.5, 13, 11],
			"rotation": {"angle": -45, "axis": "y", "origin": [-1.5, 8, 8]},
			"faces": {
				"north": {"uv": [10.5, 0, 9, 2.5], "texture": "#main"},
				"east": {"uv": [10.5, 0, 9, 2.5], "texture": "#main"},
				"south": {"uv": [10.5, 0, 9, 2.5], "texture": "#main"},
				"west": {"uv": [10.5, 0, 9, 2.5], "texture": "#main"},
				"up": {"uv": [7.5, 1.5, 9, 0], "rotation": 90, "texture": "#main"},
				"down": {"uv": [7.5, 3, 9, 1.5], "rotation": 90, "texture": "#main"}
			}
		},
		{
			"from": [-5, 13, 8],
			"to": [2, 15, 8],
			"rotation": {"angle": 0, "axis": "y", "origin": [-1.5, 14, 8]},
			"faces": {
				"north": {"uv": [12.25, 1.5, 10.5, 2], "texture": "#main"},
				"south": {"uv": [10.5, 1.5, 12.25, 2], "texture": "#main"}
			}
		},
		{
			"from": [-1.5, 13, 4.5],
			"to": [-1.5, 15, 11.5],
			"rotation": {"angle": 0, "axis": "y", "origin": [-1.5, 14, 8]},
			"faces": {
				"east": {"uv": [10.5, 1.5, 12.25, 2], "texture": "#main"},
				"west": {"uv": [12.25, 1.5, 10.5, 2], "texture": "#main"}
			}
		},
		{
			"from": [14.5, 3, 5],
			"to": [20.5, 13, 11],
			"rotation": {"angle": 45, "axis": "y", "origin": [17.5, 8, 8]},
			"shade": false,
            "light_emission": 15,
			"faces": {
				"north": {"uv": [9, 2.5, 10.5, 5], "texture": "#main"},
				"east": {"uv": [9, 2.5, 10.5, 5], "texture": "#main"},
				"south": {"uv": [9, 2.5, 10.5, 5], "texture": "#main"},
				"west": {"uv": [9, 2.5, 10.5, 5], "texture": "#main"}
			}
		},
		{
			"from": [-4.5, 3, 5],
			"to": [1.5, 13, 11],
			"rotation": {"angle": -45, "axis": "y", "origin": [-1.5, 8, 8]},
			"shade": false,
            "light_emission": 15,
			"faces": {
				"north": {"uv": [10.5, 2.5, 9, 5], "texture": "#main"},
				"east": {"uv": [10.5, 2.5, 9, 5], "texture": "#main"},
				"south": {"uv": [10.5, 2.5, 9, 5], "texture": "#main"},
				"west": {"uv": [10.5, 2.5, 9, 5], "texture": "#main"}
			}
		}
	],
	"display": {
		"thirdperson_righthand": {
			"rotation": [75, 45, 0],
			"translation": [0, 2.5, 0],
			"scale": [0.1, 0.1, 0.1]
		},
		"thirdperson_lefthand": {
			"rotation": [75, 45, 0],
			"translation": [0, 2.5, 0],
			"scale": [0.1, 0.1, 0.1]
		},
		"firstperson_righthand": {
			"rotation": [0, 45, 0],
			"scale": [0.2, 0.2, 0.2]
		},
		"firstperson_lefthand": {
			"rotation": [0, 45, 0],
			"scale": [0.2, 0.2, 0.2]
		},
		"ground": {
			"scale": [0.1, 0.1, 0.1]
		},
		"gui": {
			"rotation": [20, 135, 0],
			"translation": [0, -6.75, 0],
			"scale": [0.5, 0.5, 0.5]
		},
		"fixed": {
			"rotation": [-90, 0, 0],
			"translation": [0, 0, -16],
			"scale": [2, 2, 2]
		}
	}
}