{
	"credit": "Made by Falanta Fantomo with Blockbench",
	"texture_size": [64, 64],
	"textures": {
		"particle": "red_leaves:block/street_lamp",
		"main": "red_leaves:block/street_lamp"
	},
	"elements": [
		{
			"from": [7, -4, 7],
			"to": [9, 32, 9],
			"rotation": {"angle": 45, "axis": "y", "origin": [8, 8, 8]},
			"faces": {
				"north": {"uv": [0, 0, 0.5, 9], "texture": "#main"},
				"east": {"uv": [0.5, 0, 0, 9], "texture": "#main"},
				"south": {"uv": [0, 0, 0.5, 9], "texture": "#main"},
				"west": {"uv": [0.5, 0, 0, 9], "texture": "#main"},
				"up": {"uv": [0, 9, 0.5, 9.5], "texture": "#main"}
			}
		},
		{
			"from": [6.5, -14, 6.5],
			"to": [9.5, -4, 9.5],
			"rotation": {"angle": 45, "axis": "y", "origin": [8, 8, 8]},
			"faces": {
				"north": {"uv": [0.5, 0, 1.25, 2.5], "texture": "#main"},
				"east": {"uv": [1.25, 0, 0.5, 2.5], "texture": "#main"},
				"south": {"uv": [0.5, 0, 1.25, 2.5], "texture": "#main"},
				"west": {"uv": [1.25, 0, 0.5, 2.5], "texture": "#main"},
				"up": {"uv": [0.5, 2.5, 1.25, 3.25], "texture": "#main"}
			}
		},
		{
			"from": [5.5, -16, 5.5],
			"to": [10.5, -14, 10.5],
			"rotation": {"angle": 0, "axis": "y", "origin": [8, 8, 8]},
			"faces": {
				"north": {"uv": [6.25, 1.25, 7.5, 1.75], "texture": "#main"},
				"east": {"uv": [7.5, 1.25, 6.25, 1.75], "texture": "#main"},
				"south": {"uv": [6.25, 1.25, 7.5, 1.75], "texture": "#main"},
				"west": {"uv": [7.5, 1.25, 6.25, 1.75], "texture": "#main"},
				"up": {"uv": [6.25, 0, 7.5, 1.25], "texture": "#main"}
			}
		}
	],
	"display": {
		"thirdperson_righthand": {
			"rotation": [75, 45, 0],
			"translation": [0, 2.5, 0],
			"scale": [0.1, 0.1, 0.1]
		},
		"thirdperson_lefthand": {
			"rotation": [75, 45, 0],
			"translation": [0, 2.5, 0],
			"scale": [0.1, 0.1, 0.1]
		},
		"firstperson_righthand": {
			"rotation": [0, 45, 0],
			"scale": [0.2, 0.2, 0.2]
		},
		"firstperson_lefthand": {
			"rotation": [0, 45, 0],
			"scale": [0.2, 0.2, 0.2]
		},
		"ground": {
			"scale": [0.1, 0.1, 0.1]
		},
		"gui": {
			"rotation": [20, 135, 0],
			"scale": [0.3, 0.3, 0.3]
		},
		"fixed": {
			"rotation": [-90, 0, 0],
			"translation": [0, 0, -16],
			"scale": [2, 2, 2]
		}
	}
}