{
	"credit": "Made by Falanta Fantomo with Blockbench",
	"texture_size": [32, 32],
	"textures": {
		"particle": "red_leaves:block/window",
		"main": "red_leaves:block/window"
	},
	"elements": [
		{
			"from": [-6, -6, 18],
			"to": [22, 22, 19],
			"faces": {
				"north": {"uv": [1, 1, 15, 15], "texture": "#main"},
				"east": {"uv": [1, 1, 1.5, 15], "texture": "#main"},
				"west": {"uv": [14.5, 1, 15, 15], "texture": "#main"},
				"up": {"uv": [1, 1, 15, 1.5], "texture": "#main"},
				"down": {"uv": [15, 14.5, 1, 15], "texture": "#main"}
			}
		}
	]
}