{
    "bullet_plate.open":{
        "category": "block",
        "sounds": [
          {"name": "buckshot:shell_latch1"}
        ],
        "subtitle": "Скрежет механизма"
    },
    "bullet_plate.close":{
        "category": "block",
        "sounds": [
          {"name": "buckshot:shell_latch2"}
        ],
        "subtitle": "Скрежет механизма"
    },
    "dialogue_click":{
        "category": "hostile",
        "sounds": [
          {"name": "buckshot:dialogue_click1"},
          {"name": "buckshot:dialogue_click2"},
          {"name": "buckshot:dialogue_click3"},
          {"name": "buckshot:dialogue_click4"}
        ],
        "subtitle": "Кто-то разговаривает"
    },
    "defib_discharge":{
        "category": "block",
        "sounds": [
          {"name": "buckshot:defib_discharge"}
        ],
        "subtitle": "Разряд дефибриллятора"
    },
    "shotgun.temp_gunshot_blank":{
        "category": "block",
        "sounds": [
          {"name": "buckshot:temp_gunshot_blank"}
        ],
        "subtitle": "Холостой выстрел"
    },
    "shotgun.temp_gunshot_live":{
        "category": "block",
        "sounds": [
          {"name": "buckshot:temp_gunshot_live"}
        ],
        "subtitle": "Выстрел из дробовика"
    },
    "shotgun.load_single_shell":{
        "category": "block",
        "sounds": [
          {"name": "buckshot:load_single_shell"}
        ],
        "subtitle": "Шык"
    },
    "shotgun.rack":{
        "category": "block",
        "sounds": [
          {"name": "buckshot:rack_shotgun"}
        ],
        "subtitle": "Шык-шык"
    },
    "health_counter.error":{
        "category": "block",
        "sounds": [
          {"name": "buckshot:health_counter_error1"},
          {"name": "buckshot:health_counter_error2"},
          {"name": "buckshot:health_counter_error3"},
          {"name": "buckshot:health_counter_error4"}
        ],
        "subtitle": "Ошибка"
    },
    "health_counter.bootup":{
        "category": "block",
        "sounds": [
          {"name": "buckshot:health_counter_bootup"}
        ],
        "subtitle": "Работа устройства"
    },
    "health_counter.beep":{
        "category": "block",
        "sounds": [
          {"name": "buckshot:health_counter_beep"}
        ],
        "subtitle": "Звуковой сигнал"
    },
    "health_counter.reduce_health":{
        "category": "block",
        "sounds": [
          {"name": "buckshot:health_counter_reduce_health"}
        ],
        "subtitle": "Звуковой сигнал"
    },
    "round_indicator.hum":{
        "category": "block",
        "sounds": [
          {"name": "buckshot:round_indicator_hum"}
        ],
        "subtitle": "Писк"
    },
    "round_indicator.shut_down":{
        "category": "block",
        "sounds": [
          {"name": "buckshot:round_indicator_shut_down"}
        ],
        "subtitle": "Звуковой сигнал"
    },
    "round_indicator.wave":{
        "category": "block",
        "sounds": [
          {"name": "buckshot:round_indicator_wave"}
        ],
        "subtitle": "Звуковой сигнал"
    },
    "round_indicator.winner":{
        "category": "block",
        "sounds": [
          {"name": "buckshot:winner"}
        ],
        "subtitle": "Звуковой сигнал"
    },
    "effects.item_grid_indicator_blip":{
        "category": "block",
        "sounds": [
          {"name": "buckshot:item_grid_indicator_blip"}
        ]
    },
    "item.adrenaline.pick_up":{
        "category": "block",
        "sounds": [
          {"name": "buckshot:pick_up_adrenaline"}
        ],
        "subtitle": "Выбор предмета"
    },
    "item.beer.pick_up":{
        "category": "block",
        "sounds": [
          {"name": "buckshot:pick_up_beer"}
        ],
        "subtitle": "Выбор предмета"
    },
    "item.burner_phone.pick_up":{
        "category": "block",
        "sounds": [
          {"name": "buckshot:pick_up_burner_phone"}
        ],
        "subtitle": "Выбор предмета"
    },
    "item.cigarettes.pick_up":{
        "category": "block",
        "sounds": [
          {"name": "buckshot:pick_up_cigarettes"}
        ],
        "subtitle": "Выбор предмета"
    },
    "item.handcuffs.pick_up":{
        "category": "block",
        "sounds": [
          {"name": "buckshot:pick_up_handcuffs"}
        ],
        "subtitle": "Выбор предмета"
    },
    "item.inverter.pick_up":{
        "category": "block",
        "sounds": [
          {"name": "buckshot:pick_up_inverter"}
        ],
        "subtitle": "Выбор предмета"
    },
    "item.magnifier.pick_up":{
        "category": "block",
        "sounds": [
          {"name": "buckshot:pick_up_magnifier"}
        ],
        "subtitle": "Выбор предмета"
    },
    "item.medicine.pick_up":{
        "category": "block",
        "sounds": [
          {"name": "buckshot:pick_up_medicine"}
        ],
        "subtitle": "Выбор предмета"
    },
    "item.metal.pick_up":{
        "category": "block",
        "sounds": [
          {"name": "buckshot:pick_up_metal"}
        ],
        "subtitle": "Выбор предмета"
    },
    "item.adrenaline.place_down":{
        "category": "block",
        "sounds": [
          {"name": "buckshot:place_down_adrenaline"}
        ],
        "subtitle": "Выбор предмета"
    },
    "item.beer.place_down":{
        "category": "block",
        "sounds": [
          {"name": "buckshot:place_down_beer"}
        ],
        "subtitle": "Выбор предмета"
    },
    "item.burner_phone.place_down":{
        "category": "block",
        "sounds": [
          {"name": "buckshot:place_down_burner_phone"}
        ],
        "subtitle": "Выбор предмета"
    },
    "item.cigarettes.place_down":{
        "category": "block",
        "sounds": [
          {"name": "buckshot:place_down_cigarettes"}
        ],
        "subtitle": "Выбор предмета"
    },
    "item.handcuffs.place_down":{
        "category": "block",
        "sounds": [
          {"name": "buckshot:place_down_handcuffs"}
        ],
        "subtitle": "Выбор предмета"
    },
    "item.inverter.place_down":{
        "category": "block",
        "sounds": [
          {"name": "buckshot:place_down_inverter"}
        ],
        "subtitle": "Выбор предмета"
    },
    "item.magnifier.place_down":{
        "category": "block",
        "sounds": [
          {"name": "buckshot:place_down_magnifier"}
        ],
        "subtitle": "Выбор предмета"
    },
    "item.medicine.place_down":{
        "category": "block",
        "sounds": [
          {"name": "buckshot:place_down_medicine"}
        ],
        "subtitle": "Выбор предмета"
    },
    "item.metal.place_down":{
        "category": "block",
        "sounds": [
          {"name": "buckshot:place_down_metal"}
        ],
        "subtitle": "Выбор предмета"
    },
    "effects.heartbeat":{
        "category": "music",
        "sounds": [
          {"name": "buckshot:heartbeat_effect1","stream":true},
          {"name": "buckshot:heartbeat_effect2","stream":true}
        ],
        "subtitle": "Сердцебиение"
    },
    "music.techno_techno":{
        "category": "block",
        "sounds": [
          {"name": "buckshot:music/techno_techno","attenuation_distance": 5}
        ]
    },
    "music.techno_techno_bass":{
        "category": "block",
        "sounds": [
          {"name": "buckshot:music/techno_techno_bass","attenuation_distance": 5}
        ]
    },
    "music.menu":{
        "category": "music",
        "sounds": [
          {"name": "buckshot:music/music_true_death_1","stream":true},
          {"name": "buckshot:music/music_true_death_2","stream":true}
        ],
        "replace": true
    },
    "music.creative":{
        "category": "music",
        "sounds": [
          {"name": "buckshot:music/music_true_death_1","stream":true},
          {"name": "buckshot:music/music_true_death_2","stream":true}
        ],
        "replace": true
    },
    "music.game":{
        "category": "music",
        "sounds": [
          {"name": "buckshot:music/music_true_death_1","stream":true},
          {"name": "buckshot:music/music_true_death_2","stream":true}
        ],
        "replace": true
    }
}
