{
	"credit": "Made by Falanta Fantomo with Blockbench",
	"texture_size": [8, 8],
	"textures": {
		"0": "buckshot:item/item/cigarette/cigarette",
		"particle": "buckshot:item/item/cigarette/cigarette"
	},
	"elements": [
		{
			"from": [6.49, 8, 7.49],
			"to": [9.51, 10, 8.51],
			"rotation": {"angle": 22.5, "axis": "x", "origin": [8, 8, 8]},
			"faces": {
				"north": {"uv": [0, 8, 6, 12], "rotation": 180, "texture": "#0"},
				"east": {"uv": [4, 8, 6, 12], "rotation": 180, "texture": "#0"},
				"west": {"uv": [0, 12, 2, 8], "texture": "#0"},
				"up": {"uv": [0, 10, 6, 12], "texture": "#0"}
			}
		},
		{
			"from": [6.49, 8, 8.51],
			"to": [9.51, 10, 7.49],
			"rotation": {"angle": 22.5, "axis": "x", "origin": [8, 8, 8]},
			"faces": {
				"east": {"uv": [4, 8, 6, 12], "rotation": 180, "texture": "#0"},
				"south": {"uv": [0, 12, 6, 8], "texture": "#0"},
				"west": {"uv": [0, 12, 2, 8], "texture": "#0"},
				"up": {"uv": [0, 10, 6, 12], "texture": "#0"}
			}
		},
		{
			"from": [6.5, 7.5, 6],
			"to": [9.5, 8.5, 10],
			"rotation": {"angle": 0, "axis": "x", "origin": [8, 8, 8]},
			"faces": {
				"north": {"uv": [6, 0, 0, 2], "texture": "#0"},
				"east": {"uv": [6, 0, 8, 8], "rotation": 90, "texture": "#0"},
				"west": {"uv": [8, 8, 10, 0], "rotation": 90, "texture": "#0"},
				"up": {"uv": [0, 0, 6, 8], "texture": "#0"},
				"down": {"uv": [10, 8, 16, 0], "texture": "#0"}
			}
		},
		{
			"from": [6.51, 7.51, 6.01],
			"to": [7.5, 8.49, 9.99],
			"rotation": {"angle": 0, "axis": "y", "origin": [8, 8, 8]},
			"faces": {
				"north": {"uv": [0, 12, 2, 14], "texture": "#0"},
				"east": {"uv": [14, 8, 16, 16], "rotation": 90, "texture": "#0"},
				"south": {"uv": [0, 12, 2, 14], "texture": "#0"},
				"west": {"uv": [14, 16, 16, 8], "rotation": 90, "texture": "#0"},
				"up": {"uv": [14, 8, 16, 16], "texture": "#0"},
				"down": {"uv": [14, 16, 16, 8], "texture": "#0"}
			}
		},
		{
			"from": [8.5, 7.51, 6.01],
			"to": [9.49, 8.49, 9.99],
			"rotation": {"angle": 0, "axis": "y", "origin": [8, 8, 8]},
			"faces": {
				"north": {"uv": [0, 12, 2, 14], "texture": "#0"},
				"east": {"uv": [10, 8, 12, 16], "rotation": 90, "texture": "#0"},
				"south": {"uv": [0, 12, 2, 14], "texture": "#0"},
				"west": {"uv": [10, 16, 12, 8], "rotation": 90, "texture": "#0"},
				"up": {"uv": [10, 8, 12, 16], "texture": "#0"},
				"down": {"uv": [10, 16, 12, 8], "texture": "#0"}
			}
		},
		{
			"from": [7.5, 7.51, 6.01],
			"to": [8.5, 8.49, 9.99],
			"rotation": {"angle": 0, "axis": "y", "origin": [8, 8, 8]},
			"faces": {
				"north": {"uv": [0, 14, 2, 16], "texture": "#0"},
				"east": {"uv": [12, 8, 14, 16], "rotation": 90, "texture": "#0"},
				"south": {"uv": [0, 14, 2, 16], "texture": "#0"},
				"west": {"uv": [12, 16, 14, 8], "rotation": 90, "texture": "#0"},
				"up": {"uv": [12, 8, 14, 16], "texture": "#0"},
				"down": {"uv": [12, 16, 14, 8], "texture": "#0"}
			}
		},
		{
			"from": [6.5, 8.5, 6],
			"to": [9.5, 7.5, 10],
			"rotation": {"angle": 0, "axis": "y", "origin": [8, 8, 8]},
			"faces": {
				"north": {"uv": [6, 0, 0, 2], "texture": "#0"},
				"east": {"uv": [6, 0, 8, 8], "rotation": 90, "texture": "#0"},
				"west": {"uv": [8, 8, 10, 0], "rotation": 90, "texture": "#0"},
				"up": {"uv": [10, 0, 16, 8], "texture": "#0"},
				"down": {"uv": [0, 8, 6, 0], "texture": "#0"}
			}
		}
	],
	"gui_light": "front",
	"display": {
		"thirdperson_righthand": {
			"rotation": [-90, 0, 90],
			"translation": [0, 1.5, 1]
		},
		"thirdperson_lefthand": {
			"rotation": [-90, 0, 90],
			"translation": [0, 1.5, 1]
		},
		"firstperson_righthand": {
			"rotation": [-90, 0, 90],
			"translation": [0, 1, 0]
		},
		"firstperson_lefthand": {
			"rotation": [-90, 0, 90],
			"translation": [0, 1, 0]
		},
		"ground": {
			"scale": [0.5, 0.5, 0.5]
		},
		"gui": {
			"rotation": [70, 135, 0],
			"scale": [2.5, 2.5, 2.5]
		},
		"head": {
			"scale": [1.6, 1.6, 1.6]
		},
		"fixed": {
			"rotation": [-90, 0, 0],
			"scale": [2, 2, 2]
		}
	},
	"groups": [
		{
			"name": "cigarette_pack",
			"origin": [-10.5, 15.5, -6.5],
			"color": 0,
			"children": [
				{
					"name": "lid",
					"origin": [-10.5, 15, -4.5],
					"color": 0,
					"children": [0, 1]
				},
				2,
				3,
				4,
				{
					"name": "cigarette",
					"origin": [-10.5, 15.5, -6.5],
					"color": 0,
					"children": [5]
				},
				6
			]
		}
	]
}