{
  "block.stone.step": {
      "category": "block",
      "replace": true,
      "sounds": [
        {"name": "red_leaves:entity/player/step-01"},
        {"name": "red_leaves:entity/player/step-02"},
        {"name": "red_leaves:entity/player/step-03"}
      ],
      "subtitle": "Шаги"
  },
  "block.deepslate.step": {
      "category": "block",
      "replace": true,
      "sounds": [
        {"name": "red_leaves:entity/player/step-01"},
        {"name": "red_leaves:entity/player/step-02"},
        {"name": "red_leaves:entity/player/step-03"}
      ],
      "subtitle": "Шаги"
  }
}
