{
	"credit": "Made by Falanta Fantomo with Blockbench",
	"texture_size": [32, 32],
	"textures": {
		"0": "buckshot:item/world/toilet_door",
		"particle": "buckshot:item/world/toilet_door"
	},
	"elements": [
		{
			"from": [-5, -8, 7],
			"to": [21, 24, 9],
			"faces": {
				"north": {"uv": [0.5, 0, 13.5, 16], "texture": "#0"},
				"east": {"uv": [0, 0, 1, 16], "texture": "#0"},
				"south": {"uv": [13.5, 0, 0.5, 16], "texture": "#0"},
				"west": {"uv": [13, 0, 14, 16], "texture": "#0"},
				"up": {"uv": [13.5, 0, 0.5, 1], "texture": "#0"},
				"down": {"uv": [13.5, 15, 0.5, 16], "texture": "#0"}
			}
		},
		{
			"from": [-2, 6, 5],
			"to": [-2, 10, 7],
			"faces": {
				"east": {"uv": [16, 0, 15, 2], "texture": "#0"},
				"west": {"uv": [15, 0, 16, 2], "texture": "#0"}
			}
		}
	],
	"gui_light": "front",
	"display": {
		"thirdperson_righthand": {
			"rotation": [75, 45, 0],
			"translation": [0, 2.5, 0],
			"scale": [0.1, 0.1, 0.1]
		},
		"thirdperson_lefthand": {
			"rotation": [75, 45, 0],
			"translation": [0, 2.5, 0],
			"scale": [0.1, 0.1, 0.1]
		},
		"firstperson_righthand": {
			"rotation": [0, 45, 0],
			"scale": [0.2, 0.2, 0.2]
		},
		"firstperson_lefthand": {
			"rotation": [0, 45, 0],
			"scale": [0.2, 0.2, 0.2]
		},
		"ground": {
			"scale": [0.1, 0.1, 0.1]
		},
		"gui": {
			"rotation": [20, 135, 0],
			"scale": [0.4, 0.4, 0.4]
		},
		"fixed": {
			"rotation": [-90, 0, 0],
			"translation": [0, 0, -16],
			"scale": [2, 2, 2]
		}
	}
}