{
	"credit": "Made by Falanta Fantomo with Blockbench",
	"textures": {
		"1": "buckshot:item/weapon/shotgun"
	},
	"elements": [
		{
			"from": [7.5, 8, -4],
			"to": [8.5, 10, 12],
			"rotation": {"angle": 0, "axis": "y", "origin": [8, 9, 4]},
			"faces": {
				"north": {"uv": [3, 4, 4, 6], "texture": "#1"},
				"east": {"uv": [0, 0, 16, 2], "texture": "#1"},
				"south": {"uv": [0, 0, 1, 2], "texture": "#1"},
				"west": {"uv": [16, 3, 0, 1], "texture": "#1"},
				"up": {"uv": [16, 2, 0, 3], "rotation": 90, "texture": "#1"},
				"down": {"uv": [0, 3, 16, 4], "rotation": 90, "texture": "#1"}
			}
		},
		{
			"from": [7, 7.5, 1],
			"to": [9, 9.5, 6],
			"rotation": {"angle": 0, "axis": "y", "origin": [8, 9, 4]},
			"faces": {
				"north": {"uv": [6, 12, 8, 14], "texture": "#1"},
				"east": {"uv": [10, 14, 15, 16], "texture": "#1"},
				"south": {"uv": [8, 12, 10, 14], "texture": "#1"},
				"west": {"uv": [15, 14, 10, 16], "texture": "#1"},
				"up": {"uv": [15, 14, 10, 15], "rotation": 90, "texture": "#1"},
				"down": {"uv": [10, 12, 15, 14], "rotation": 90, "texture": "#1"}
			}
		},
		{
			"from": [7.51, 8, 12],
			"to": [8.49, 10, 16.4],
			"rotation": {"angle": 22.5, "axis": "x", "origin": [8, 10, 12]},
			"faces": {
				"east": {"uv": [6, 14, 10, 16], "texture": "#1"},
				"west": {"uv": [10, 14, 6, 16], "texture": "#1"},
				"up": {"uv": [10, 14, 6, 15], "rotation": 90, "texture": "#1"},
				"down": {"uv": [6, 15, 10, 16], "rotation": 90, "texture": "#1"}
			}
		},
		{
			"from": [7.5, 6.46927, 15.29552],
			"to": [8.5, 9.46927, 21.29552],
			"rotation": {"angle": 0, "axis": "x", "origin": [8, 8.46927, 15.69552]},
			"faces": {
				"east": {"uv": [0, 13, 6, 16], "texture": "#1"},
				"south": {"uv": [0, 13, 1, 16], "texture": "#1"},
				"west": {"uv": [6, 13, 0, 16], "texture": "#1"},
				"up": {"uv": [6, 13, 0, 14], "rotation": 90, "texture": "#1"},
				"down": {"uv": [0, 15, 6, 16], "rotation": 90, "texture": "#1"}
			}
		},
		{
			"from": [7.5, 8.46927, 13.27052],
			"to": [8.5, 9.46927, 15.29552],
			"rotation": {"angle": 0, "axis": "x", "origin": [8, 8.46927, 15.69552]},
			"faces": {
				"east": {"uv": [5, 11, 6, 13], "rotation": 90, "texture": "#1"},
				"west": {"uv": [5, 13, 6, 11], "rotation": 90, "texture": "#1"},
				"up": {"uv": [5, 11, 6, 13], "texture": "#1"}
			}
		},
		{
			"from": [7.51, 4.46927, 16.29552],
			"to": [8.49, 6.46927, 21.29552],
			"rotation": {"angle": 22.5, "axis": "x", "origin": [8, 6.46927, 21.29552]},
			"faces": {
				"east": {"uv": [0, 11, 5, 13], "texture": "#1"},
				"south": {"uv": [0, 11, 1, 13], "texture": "#1"},
				"west": {"uv": [5, 11, 0, 13], "texture": "#1"},
				"down": {"uv": [0, 12, 5, 13], "rotation": 90, "texture": "#1"}
			}
		},
		{
			"from": [8, 6, 9],
			"to": [8, 8, 13],
			"rotation": {"angle": 0, "axis": "y", "origin": [7.5, 4, -8]},
			"faces": {
				"east": {"uv": [4, 4, 8, 6], "texture": "#1"},
				"west": {"uv": [8, 4, 4, 6], "texture": "#1"}
			}
		},
		{
			"from": [7.5, 9, -7],
			"to": [8.5, 10, -6],
			"rotation": {"angle": 0, "axis": "y", "origin": [8, 9.25, -5.75]},
			"faces": {
				"north": {"uv": [2, 5, 3, 6], "texture": "#1"},
				"east": {"uv": [2, 4, 3, 5], "texture": "#1"},
				"west": {"uv": [2, 4, 3, 5], "texture": "#1"},
				"up": {"uv": [2, 4, 3, 5], "texture": "#1"},
				"down": {"uv": [2, 4, 3, 5], "texture": "#1"}
			}
		},
		{
			"from": [7.5, 8, -6],
			"to": [8.5, 10, -4],
			"rotation": {"angle": 0, "axis": "y", "origin": [8, 9.25, -5.75]},
			"faces": {
				"north": {"uv": [1, 4, 2, 6], "texture": "#1"},
				"east": {"uv": [0, 4, 2, 6], "texture": "#1"},
				"south": {"uv": [0, 1, 1, 3], "texture": "#missing"},
				"west": {"uv": [2, 4, 0, 6], "texture": "#1"},
				"up": {"uv": [2, 4, 0, 5], "rotation": 90, "texture": "#1"},
				"down": {"uv": [0, 5, 2, 6], "rotation": 90, "texture": "#1"}
			}
		}
	],
	"gui_light": "front",
	"display": {
		"thirdperson_righthand": {
			"translation": [0, 0.25, -3.25]
		},
		"thirdperson_lefthand": {
			"rotation": [60, -90, 0],
			"translation": [-7.75, -0.25, 0.5]
		},
		"firstperson_righthand": {
			"rotation": [0, 0, -5],
			"translation": [-2.5, 2.5, 0]
		},
		"firstperson_lefthand": {
			"rotation": [-45, 180, 0],
			"translation": [-9, -5, -3]
		},
		"ground": {
			"scale": [0.5, 0.5, 0.5]
		},
		"gui": {
			"rotation": [70, -45, 70],
			"scale": [0.65, 0.65, 0.65]
		},
		"fixed": {
			"rotation": [0, 90, 0],
			"translation": [0, 0, -2],
			"scale": [2, 2, 2]
		}
	},
	"groups": [
		{
			"name": "shotgun",
			"origin": [8, 8, 8],
			"color": 0,
			"children": [
				0,
				1,
				2,
				3,
				4,
				5,
				6,
				{
					"name": "barrel",
					"origin": [0, 0, 0],
					"color": 0,
					"children": [7, 8]
				}
			]
		}
	]
}