{
	"credit": "Made by Falanta Fantomo with Blockbench",
	"texture_size": [8, 8],
	"textures": {
		"0": "buckshot:item/item/hand_saw/hand_saw",
		"particle": "buckshot:item/item/hand_saw/hand_saw"
	},
	"elements": [
		{
			"from": [8, 7.5, 4.5],
			"to": [10, 8.5, 11.5],
			"rotation": {"angle": 0, "axis": "y", "origin": [8, 8, 8]},
			"faces": {
				"north": {"uv": [4, 0, 0, 2], "texture": "#0"},
				"east": {"uv": [2, 0, 4, 14], "rotation": 90, "texture": "#0"},
				"south": {"uv": [0, 12, 4, 14], "texture": "#0"},
				"west": {"uv": [0, 14, 2, 0], "rotation": 90, "texture": "#0"},
				"up": {"uv": [0, 0, 4, 14], "texture": "#0"},
				"down": {"uv": [0, 14, 4, 0], "texture": "#0"}
			}
		},
		{
			"from": [7, 8, 4.5],
			"to": [9, 8, 11.5],
			"rotation": {"angle": 0, "axis": "y", "origin": [8.5, 8, 11]},
			"faces": {
				"up": {"uv": [4, 0, 8, 14], "texture": "#0"},
				"down": {"uv": [4, 14, 8, 0], "texture": "#0"}
			}
		}
	],
	"gui_light": "front",
	"display": {
		"thirdperson_righthand": {
			"rotation": [-90, 0, 90],
			"translation": [0, -2, 1.5]
		},
		"thirdperson_lefthand": {
			"rotation": [-90, 0, -90],
			"translation": [0, -2, 1.5]
		},
		"firstperson_righthand": {
			"rotation": [-90, 0, 0]
		},
		"firstperson_lefthand": {
			"rotation": [-90, 0, 180]
		},
		"ground": {
			"scale": [0.5, 0.5, 0.5]
		},
		"gui": {
			"rotation": [70, 135, 7],
			"translation": [0.5, -1.25, 0],
			"scale": [2, 2, 2]
		},
		"head": {
			"rotation": [90, 22.5, 0],
			"translation": [-3.5, 16.5, 0],
			"scale": [1.6, 1.6, 1.6]
		},
		"fixed": {
			"rotation": [-90, 0, 0],
			"translation": [0, 0, -1],
			"scale": [2, 2, 2]
		}
	},
	"groups": [
		{
			"name": "hand_saw",
			"origin": [-10.5, 15.5, -11.5],
			"rotation": [0, -45, 0],
			"color": 0,
			"children": [
				0,
				{
					"name": "steel",
					"origin": [-10.5, 15.5, -8.5],
					"rotation": [0, -157.5, 0],
					"color": 0,
					"children": [1]
				}
			]
		}
	]
}