{
	"credit": "Made by Falanta Fantomo with Blockbench",
	"texture_size": [64, 64],
	"textures": {
		"particle": "red_leaves:item/artur",
		"main": "red_leaves:item/artur",
		"huj": "red_leaves:item/cat"
	},
	"elements": [
		{
			"from": [0, 0, 8],
			"to": [16, 32, 8],
			"faces": {
				"north": {"uv": [0, 0, 8, 16], "texture": "#main"},
				"south": {"uv": [8, 0, 16, 16], "texture": "#main"}
			}
		},
		{
			"from": [5, 27, 8.025],
			"to": [9, 31, 8.025],
			"faces": {
				"south": {"uv": [16, 0, 0, 16], "texture": "#huj"}
			}
		}
	],
	"gui_light": "front",
	"display": {
		"thirdperson_righthand": {
			"rotation": [75, 45, 0],
			"translation": [0, 2.5, 0],
			"scale": [0.1, 0.1, 0.1]
		},
		"thirdperson_lefthand": {
			"rotation": [75, 45, 0],
			"translation": [0, 2.5, 0],
			"scale": [0.1, 0.1, 0.1]
		},
		"firstperson_righthand": {
			"rotation": [0, 135, 0],
			"scale": [0.2, 0.2, 0.2]
		},
		"firstperson_lefthand": {
			"rotation": [0, 135, 0],
			"scale": [0.2, 0.2, 0.2]
		},
		"ground": {
			"scale": [0.1, 0.1, 0.1]
		},
		"gui": {
			"rotation": [0, 180, 0],
			"translation": [0, -16, 0]
		},
		"fixed": {
			"rotation": [-90, 0, 0],
			"translation": [0, 0, -16],
			"scale": [2, 2, 2]
		}
	}
}