{
	"credit": "Made by Falanta Fantomo with Blockbench",
	"texture_size": [4, 4],
	"textures": {
		"particle": "buckshot:item/weapon/bullets/bullet_live_2",
		"main": "buckshot:item/weapon/bullets/bullet_live_2"
	},
	"elements": [
		{
			"from": [7.5, 6.5, 7.5],
			"to": [8.5, 9.5, 8.5],
			"rotation": {"angle": 0, "axis": "z", "origin": [8, 8, 8]},
			"faces": {
				"north": {"uv": [0, 0, 4, 12], "texture": "#main"},
				"east": {"uv": [0, 0, 4, 12], "texture": "#main"},
				"south": {"uv": [0, 0, 4, 12], "texture": "#main"},
				"west": {"uv": [0, 12, 4, 0], "rotation": 180, "texture": "#main"},
				"up": {"uv": [4, 0, 8, 4], "rotation": 180, "texture": "#main"},
				"down": {"uv": [4, 4, 8, 8], "texture": "#main"}
			}
		}
	],
	"display": {
		"thirdperson_righthand": {
			"rotation": [75, 45, 0],
			"translation": [0, 2.5, 0]
		},
		"thirdperson_lefthand": {
			"rotation": [75, 45, 0],
			"translation": [0, 2.5, 0]
		},
		"firstperson_righthand": {
			"rotation": [0, 45, 0]
		},
		"firstperson_lefthand": {
			"rotation": [0, 45, 0]
		},
		"ground": {
			"scale": [0.5, 0.5, 0.5]
		},
		"gui": {
			"rotation": [20, 135, 0],
			"scale": [4, 4, 4]
		},
		"fixed": {
			"rotation": [-90, 0, 0],
			"translation": [0, 0, -16],
			"scale": [2, 2, 2]
		}
	}
}