{
	"credit": "Made by Falanta Fantomo with Blockbench",
	"texture_size": [8, 8],
	"textures": {
		"0": "buckshot:item/item/handcuffs/handcuffs",
		"particle": "buckshot:item/item/handcuffs/handcuffs"
	},
	"elements": [
		{
			"from": [7, 8.01, 8],
			"to": [10, 8.01, 12],
			"rotation": {"angle": -22.5, "axis": "y", "origin": [10, 8, 8]},
			"faces": {
				"up": {"uv": [6, 0, 12, 8], "texture": "#0"},
				"down": {"uv": [6, 8, 12, 0], "texture": "#0"}
			}
		},
		{
			"from": [7, 8, 4],
			"to": [10, 8, 8],
			"rotation": {"angle": 22.5, "axis": "y", "origin": [10, 8, 8]},
			"faces": {
				"up": {"uv": [0, 0, 6, 8], "texture": "#0"},
				"down": {"uv": [0, 8, 6, 0], "texture": "#0"}
			}
		}
	],
	"gui_light": "front",
	"display": {
		"thirdperson_righthand": {
			"rotation": [90, 67.5, 0],
			"translation": [2.5, -2.5, 2],
			"scale": [1.5, 1.5, 1.5]
		},
		"thirdperson_lefthand": {
			"rotation": [90, -112.5, 0],
			"translation": [2.5, -2.5, 2],
			"scale": [1.5, 1.5, 1.5]
		},
		"firstperson_righthand": {
			"rotation": [90, 67.5, 0],
			"translation": [2.5, 1, 0]
		},
		"firstperson_lefthand": {
			"rotation": [90, -112.5, 0],
			"translation": [2.5, 1, 0]
		},
		"ground": {
			"scale": [0.5, 0.5, 0.5]
		},
		"gui": {
			"rotation": [70, 135, 0],
			"translation": [-0.5, 0.5, 0],
			"scale": [2, 2, 2]
		},
		"head": {
			"scale": [1.6, 1.6, 1.6]
		},
		"fixed": {
			"rotation": [-90, 0, 0],
			"scale": [2, 2, 2]
		}
	},
	"groups": [
		{
			"name": "handcuffs",
			"origin": [6.5, 15, -11.5],
			"color": 0,
			"children": [
				{
					"name": "part",
					"origin": [8.5, 15.5, -11.5],
					"color": 0,
					"children": [0]
				},
				1
			]
		}
	]
}