{
	"credit": "Made by Falanta Fantomo with Blockbench",
	"textures": {
		"particle": "buckshot:item/item/adrenaline/adrenaline",
		"main": "buckshot:item/item/adrenaline/adrenaline"
	},
	"elements": [
		{
			"from": [7, 2, 7],
			"to": [9, 14, 9],
			"rotation": {"angle": 45, "axis": "y", "origin": [8, 8, 8]},
			"faces": {
				"north": {"uv": [8, 0, 6, 12], "texture": "#main"},
				"east": {"uv": [6, 0, 8, 12], "texture": "#main"},
				"south": {"uv": [8, 0, 6, 12], "texture": "#main"},
				"west": {"uv": [6, 0, 8, 12], "texture": "#main"},
				"up": {"uv": [0, 12, 2, 14], "rotation": 90, "texture": "#main"}
			}
		},
		{
			"from": [6.75, 2, 6.75],
			"to": [9.25, 14, 9.25],
			"rotation": {"angle": 45, "axis": "y", "origin": [8, 8, 8]},
			"faces": {
				"north": {"uv": [2, 0, 0, 12], "texture": "#main"},
				"east": {"uv": [0, 0, 2, 12], "texture": "#main"},
				"south": {"uv": [2, 0, 0, 12], "texture": "#main"},
				"west": {"uv": [0, 0, 2, 12], "texture": "#main"},
				"down": {"uv": [2, 12, 4, 14], "rotation": 270, "texture": "#main"}
			}
		},
		{
			"from": [6.75, 14, 6.75],
			"to": [9.25, 2, 9.25],
			"rotation": {"angle": 45, "axis": "y", "origin": [8, 8, 8]},
			"faces": {
				"north": {"uv": [2, 12, 0, 0], "texture": "#main"},
				"east": {"uv": [0, 12, 2, 0], "texture": "#main"},
				"south": {"uv": [2, 12, 0, 0], "texture": "#main"},
				"west": {"uv": [0, 12, 2, 0], "texture": "#main"},
				"up": {"uv": [2, 14, 4, 12], "rotation": 90, "texture": "#main"}
			}
		},
		{
			"from": [8, 2, 6],
			"to": [8, 14, 10],
			"rotation": {"angle": 0, "axis": "y", "origin": [16, 0, 0]},
			"faces": {
				"east": {"uv": [2, 0, 6, 12], "texture": "#main"},
				"west": {"uv": [6, 0, 2, 12], "texture": "#main"}
			}
		}
	],
	"gui_light": "front",
	"display": {
		"thirdperson_righthand": {
			"scale": [0.75, 0.75, 0.75]
		},
		"thirdperson_lefthand": {
			"scale": [0.75, 0.75, 0.75]
		},
		"firstperson_righthand": {
			"rotation": [-165, 5, -10],
			"translation": [0, 2.25, 0],
			"scale": [0.75, 0.75, 0.75]
		},
		"firstperson_lefthand": {
			"rotation": [-165, 5, -10],
			"translation": [0, 2.25, 0],
			"scale": [0.75, 0.75, 0.75]
		},
		"ground": {
			"scale": [0.25, 0.25, 0.25]
		},
		"gui": {
			"rotation": [70, -135, 70],
			"translation": [0, 0.25, 0],
			"scale": [1.3, 1.3, 1.3]
		}
	}
}