{
	"credit": "Made by Falanta Fantomo with Blockbench",
	"textures": {
		"particle": "buckshot:item/item/jammer/jammer_off",
		"main": "buckshot:item/item/jammer/jammer_off"
	},
	"elements": [
		{
			"from": [4, 7.5, 3],
			"to": [12, 8.5, 13],
			"faces": {
				"north": {"uv": [0, 9, 8, 10], "texture": "#main"},
				"east": {"uv": [0, 10, 1, 0], "rotation": 90, "texture": "#main"},
				"south": {"uv": [8, 0, 0, 1], "texture": "#main"},
				"west": {"uv": [7, 0, 8, 10], "rotation": 90, "texture": "#main"},
				"up": {"uv": [0, 0, 8, 10], "rotation": 180, "texture": "#main"},
				"down": {"uv": [16, 0, 8, 10], "texture": "#main"}
			}
		}
	],
	"gui_light": "front",
	"display": {
		"thirdperson_righthand": {
			"rotation": [65, 180, 0],
			"translation": [0, 2.75, -1.5],
			"scale": [0.75, 0.75, 0.75]
		},
		"thirdperson_lefthand": {
			"rotation": [65, 180, 0],
			"translation": [0, 2.75, -1.5],
			"scale": [0.75, 0.75, 0.75]
		},
		"firstperson_righthand": {
			"rotation": [75, 180, -15],
			"translation": [0, 3.25, -0.75],
			"scale": [0.75, 0.75, 0.75]
		},
		"firstperson_lefthand": {
			"rotation": [75, 180, -15],
			"translation": [0, 3.25, -0.75],
			"scale": [0.75, 0.75, 0.75]
		},
		"ground": {
			"scale": [0.25, 0.25, 0.25]
		},
		"gui": {
			"rotation": [70, 135, -10],
			"scale": [1.2, 1.2, 1.2]
		},
		"fixed": {
			"rotation": [-90, 0, 0],
			"scale": [2, 2, 2]
		}
	}
}