{
    "providers": [
        {
            "type": "reference",
            "id": "minecraft:include/space"
        },
        {
            "type": "bitmap",
            "file": "red_leaves:font/cat.png",
            "ascent": 60,
            "height": 128,
            "chars": [
                "\u0041"
            ]
        },
        {
            "type": "bitmap",
            "file": "red_leaves:font/ena_font_big.png",
            "ascent": 6,
            "height": 8,
            "chars": [
                "АБВГДЕЁЖ",
                "ЗИЙКЛМНО",
                "ПРСТУФХЦ",
                "ЧШЩЪЫЬЭЮ",
                "Я       ",
                "        ",
                "        ",
                "        "
            ]
        },
        {
            "type": "bitmap",
            "file": "red_leaves:font/ena_font_small.png",
            "ascent": 6,
            "height": 8,
            "chars": [
                "абвгдеёж",
                "зийклмно",
                "прстуфхц",
                "чшщъыьэю",
                "я.!,-?  ",
                "        ",
                "        ",
                "        "
            ]
        }
    ]
}
