{
	"credit": "Made by Falanta Fantomo with Blockbench",
	"textures": {
		"particle": "buckshot:item/item/expired_medicine/expired_medicine",
		"main": "buckshot:item/item/expired_medicine/expired_medicine"
	},
	"elements": [
		{
			"from": [5.5, 7.5, 4.5],
			"to": [10.5, 8.5, 11.5],
			"faces": {
				"north": {"uv": [5, 6, 10, 7], "texture": "#main"},
				"east": {"uv": [5, 7, 6, 0], "rotation": 90, "texture": "#main"},
				"south": {"uv": [10, 0, 5, 1], "texture": "#main"},
				"west": {"uv": [9, 0, 10, 7], "rotation": 90, "texture": "#main"},
				"up": {"uv": [0, 0, 5, 7], "rotation": 180, "texture": "#main"},
				"down": {"uv": [10, 0, 5, 7], "texture": "#main"}
			}
		}
	],
	"gui_light": "front",
	"display": {
		"thirdperson_righthand": {
			"rotation": [136, 180, 0],
			"translation": [0, 2.25, 2]
		},
		"thirdperson_lefthand": {
			"rotation": [136, 180, 0],
			"translation": [0, 2.25, 2]
		},
		"firstperson_righthand": {
			"rotation": [60, -170, -5]
		},
		"firstperson_lefthand": {
			"rotation": [60, -170, -5]
		},
		"ground": {
			"scale": [0.25, 0.25, 0.25]
		},
		"gui": {
			"rotation": [70, 135, -15],
			"scale": [1.7, 1.7, 1.7]
		},
		"fixed": {
			"rotation": [-90, 0, 0],
			"scale": [2, 2, 2]
		}
	}
}