{
  "variants": {
    "facing=east,half=bottom,open=false,powered=false": {
      "model": "red_leaves:block/roof_block",
      "y": 90
    },
    "facing=east,half=bottom,open=false,powered=true": {
      "model": "red_leaves:block/roof_block_extended",
      "y": 90
    },
    "facing=east,half=bottom,open=true": {
      "model": "minecraft:block/barrier",
      "y": 90
    },
    "facing=east,half=top,open=false,powered=false": {
      "model": "red_leaves:block/roof_outside_corner",
      "y": 90
    },
    "facing=east,half=top,open=true": {
      "model": "minecraft:block/barrier",
      "y": 90
    },
    "facing=north,half=bottom,open=false,powered=false": {
      "model": "red_leaves:block/roof_block"
    },
    "facing=north,half=bottom,open=false,powered=true": {
      "model": "red_leaves:block/roof_block_extended"      
    },
    "facing=north,half=bottom,open=true": {
      "model": "minecraft:block/barrier"
    },
    "facing=north,half=top,open=false,powered=false": {
      "model": "red_leaves:block/roof_outside_corner"
    },
    "facing=north,half=top,open=true": {
      "model": "minecraft:block/barrier"
    },
    "facing=south,half=bottom,open=false,powered=false": {
      "model": "red_leaves:block/roof_block",
      "y": 180
    },
    "facing=south,half=bottom,open=false,powered=true": {
      "model": "red_leaves:block/roof_block_extended",
      "y": 180
    },
    "facing=south,half=bottom,open=true": {
      "model": "minecraft:block/barrier",
      "y": 180
    },
    "facing=south,half=top,open=false,powered=false": {
      "model": "red_leaves:block/roof_outside_corner",
      "y": 180
    },
    "facing=south,half=top,open=true": {
      "model": "minecraft:block/barrier",
      "y": 180
    },
    "facing=west,half=bottom,open=false,powered=false": {
      "model": "red_leaves:block/roof_block",
      "y": 270
    },
    "facing=west,half=bottom,open=false,powered=true": {
      "model": "red_leaves:block/roof_block_extended",
      "y": 270
    },
    "facing=west,half=bottom,open=true": {
      "model": "minecraft:block/barrier",
      "y": 270
    },
    "facing=west,half=top,open=false,powered=false": {
      "model": "red_leaves:block/roof_outside_corner",
      "y": 270
    },
    "facing=west,half=top,open=true": {
      "model": "minecraft:block/barrier",
      "y": 270
    }
  }
}