{
  "variants": {
    "facing=east,half=bottom,open=false,powered=false": {
      "model": "red_leaves:block/window_alive",
      "y": 90
    },
    "facing=east,half=bottom,open=false,powered=true": {
      "model": "red_leaves:block/window_alive_drowned",
      "y": 90
    },
    "facing=east,half=bottom,open=true,powered=false": {
      "model": "red_leaves:block/street_lamp_lights",
      "y": 90
    },
    "facing=east,half=bottom,open=true,powered=true": {
      "model": "04",
      "y": 90
    },
    "facing=east,half=top,open=false,powered=false": {
      "model": "red_leaves:block/window_drowned",
      "y": 90
    },
    "facing=east,half=top,open=false,powered=true": {
      "model": "06",
      "y": 90
    },
    "facing=east,half=top,open=true,powered=false": {
      "model": "07",
      "y": 90
    },
    "facing=east,half=top,open=true,powered=true": {
      "model": "08",
      "y": 90
    },
    "facing=north,half=bottom,open=false,powered=false": {
      "model": "red_leaves:block/window_alive"
    },
    "facing=north,half=bottom,open=false,powered=true": {
      "model": "red_leaves:block/window_alive_drowned"
    },
    "facing=north,half=bottom,open=true,powered=false": {
      "model": "red_leaves:block/street_lamp_lights"
    },
    "facing=north,half=bottom,open=true,powered=true": {
      "model": "04"
    },
    "facing=north,half=top,open=false,powered=false": {
      "model": "red_leaves:block/window_drowned"
    },
    "facing=north,half=top,open=false,powered=true": {
      "model": "06"
    },
    "facing=north,half=top,open=true,powered=false": {
      "model": "07"
      
    },
    "facing=north,half=top,open=true,powered=true": {
      "model": "08"
      
    },
    "facing=south,half=bottom,open=false,powered=false": {
      "model": "red_leaves:block/window_alive",
      "y": 180
    },
    "facing=south,half=bottom,open=false,powered=true": {
      "model": "red_leaves:block/window_alive_drowned",
      "y": 180
    },
    "facing=south,half=bottom,open=true,powered=false": {
      "model": "red_leaves:block/street_lamp_lights",
      "y": 180
    },
    "facing=south,half=bottom,open=true,powered=true": {
      "model": "04",
      "y": 180
    },
    "facing=south,half=top,open=false,powered=false": {
      "model": "red_leaves:block/window_drowned",
      "y": 180
    },
    "facing=south,half=top,open=false,powered=true": {
      "model": "06",
      "y": 180
    },
    "facing=south,half=top,open=true,powered=false": {
      "model": "07",
      "y": 180
    },
    "facing=south,half=top,open=true,powered=true": {
      "model": "08",
      "y": 180
    },
    "facing=west,half=bottom,open=false,powered=false": {
      "model": "red_leaves:block/window_alive",
      "y": 270
    },
    "facing=west,half=bottom,open=false,powered=true": {
      "model": "red_leaves:block/window_alive_drowned",
      "y": 270
    },
    "facing=west,half=bottom,open=true,powered=false": {
      "model": "red_leaves:block/street_lamp_lights",
      "y": 270
    },
    "facing=west,half=bottom,open=true,powered=true": {
      "model": "04",
      "y": 270
    },
    "facing=west,half=top,open=false,powered=false": {
      "model": "red_leaves:block/window_drowned",
      "y": 270
    },
    "facing=west,half=top,open=false,powered=true": {
      "model": "06",
      "y": 270
    },
    "facing=west,half=top,open=true,powered=false": {
      "model": "07",
      "y": 270
    },
    "facing=west,half=top,open=true,powered=true": {
      "model": "08",
      "y": 270
    }
  }
}