{
  "variants": {
    "facing=east,half=bottom,open=false,powered=false": {
      "model": "red_leaves:block/roof_block_peak",
      "y": 90
    },
    "facing=east,half=bottom,open=false,powered=true": {
      "model": "red_leaves:block/roof_block_peak_corner",
      "y": 90
    },
    "facing=east,half=bottom,open=true,powered=false": {
      "model": "red_leaves:block/roof_block_drowned_extended_left",
      "y": 90
    },
    "facing=east,half=bottom,open=true,powered=true": {
      "model": "red_leaves:block/roof_block_drowned_extended_right",
      "y": 90
    },
    "facing=east,half=top,open=false,powered=false": {
      "model": "red_leaves:block/roof_block_drowned",
      "y": 90
    },
    "facing=east,half=top,open=false,powered=true": {
      "model": "minecraft:block/oxidized_copper_trapdoor_top"
    },
    "facing=east,half=top,open=true,powered=false": {
      "model": "red_leaves:block/roof_block_peak_drowned",
      "y": 90
    },
    "facing=east,half=top,open=true,powered=true": {
      "model": "red_leaves:block/roof_block_peak_drowned_extended",
      "y": 90
    },
    "facing=north,half=bottom,open=false,powered=false": {
      "model": "red_leaves:block/roof_block_peak"
    },
    "facing=north,half=bottom,open=false,powered=true": {
      "model": "red_leaves:block/roof_block_peak_corner"
    },
    "facing=north,half=bottom,open=true,powered=false": {
      "model": "red_leaves:block/roof_block_drowned_extended_left"
    },
    "facing=north,half=bottom,open=true,powered=true": {
      "model": "red_leaves:block/roof_block_drowned_extended_right"
    },
    "facing=north,half=top,open=false,powered=false": {
      "model": "red_leaves:block/roof_block_drowned"
    },
    "facing=north,half=top,open=false,powered=true": {
      "model": "minecraft:block/oxidized_copper_trapdoor_top"
    },
    "facing=north,half=top,open=true,powered=false": {
      "model": "red_leaves:block/roof_block_peak_drowned"
      
    },
    "facing=north,half=top,open=true,powered=true": {
      "model": "red_leaves:block/roof_block_peak_drowned_extended"
      
    },
    "facing=south,half=bottom,open=false,powered=false": {
      "model": "red_leaves:block/roof_block_peak",
      "y": 180
    },
    "facing=south,half=bottom,open=false,powered=true": {
      "model": "red_leaves:block/roof_block_peak_corner",
      "y": 180
    },
    "facing=south,half=bottom,open=true,powered=false": {
      "model": "red_leaves:block/roof_block_drowned_extended_left",
      "y": 180
    },
    "facing=south,half=bottom,open=true,powered=true": {
      "model": "red_leaves:block/roof_block_drowned_extended_right",
      "y": 180
    },
    "facing=south,half=top,open=false,powered=false": {
      "model": "red_leaves:block/roof_block_drowned",
      "y": 180
    },
    "facing=south,half=top,open=false,powered=true": {
      "model": "minecraft:block/oxidized_copper_trapdoor_top"
    },
    "facing=south,half=top,open=true,powered=false": {
      "model": "red_leaves:block/roof_block_peak_drowned",
      "y": 180
    },
    "facing=south,half=top,open=true,powered=true": {
      "model": "red_leaves:block/roof_block_peak_drowned_extended",
      "y": 180
    },
    "facing=west,half=bottom,open=false,powered=false": {
      "model": "red_leaves:block/roof_block_peak",
      "y": 270
    },
    "facing=west,half=bottom,open=false,powered=true": {
      "model": "red_leaves:block/roof_block_peak_corner",
      "y": 270
    },
    "facing=west,half=bottom,open=true,powered=false": {
      "model": "red_leaves:block/roof_block_drowned_extended_left",
      "y": 270
    },
    "facing=west,half=bottom,open=true,powered=true": {
      "model": "red_leaves:block/roof_block_drowned_extended_right",
      "y": 270
    },
    "facing=west,half=top,open=false,powered=false": {
      "model": "red_leaves:block/roof_block_drowned",
      "y": 270
    },
    "facing=west,half=top,open=false,powered=true": {
      "model": "minecraft:block/oxidized_copper_trapdoor_top"
    },
    "facing=west,half=top,open=true,powered=false": {
      "model": "red_leaves:block/roof_block_peak_drowned",
      "y": 270
    },
    "facing=west,half=top,open=true,powered=true": {
      "model": "red_leaves:block/roof_block_peak_drowned_extended",
      "y": 270
    }
  }
}