{
	"credit": "Made by Falanta Fantomo with Blockbench",
	"textures": {
		"0": "buckshot:item/world/table"
	},
	"elements": [
		{
			"from": [14.25, 0.0025, 13.75],
			"to": [16.75, 0.0025, 20.25],
			"rotation": {"angle": 0, "axis": "y", "origin": [8, 0, 8]},
			"faces": {
				"up": {"uv": [10, 14, 10.25, 14.25], "texture": "#0"}
			}
		},
		{
			"from": [3, 0.0025, 2.5],
			"to": [13, 0.0025, 13.5],
			"rotation": {"angle": 0, "axis": "y", "origin": [8, 0, 8]},
			"faces": {
				"up": {"uv": [10, 14, 10.25, 14.25], "texture": "#0"}
			}
		},
		{
			"from": [-0.75, 0.0025, 3.75],
			"to": [1.75, 0.0025, 10.25],
			"rotation": {"angle": 0, "axis": "y", "origin": [8, 0, 8]},
			"faces": {
				"up": {"uv": [10, 14, 10.25, 14.25], "texture": "#0"}
			}
		},
		{
			"from": [-0.75, 0.0025, 14.25],
			"to": [1.75, 0.0025, 16.75],
			"rotation": {"angle": 22.5, "axis": "y", "origin": [0.5, 1.81375, 15.5]},
			"faces": {
				"up": {"uv": [10, 14, 10.25, 14.25], "texture": "#0"}
			}
		},
		{
			"from": [-0.25, 0.0025, 10.25],
			"to": [2.25, 0.0025, 12.75],
			"rotation": {"angle": 0, "axis": "y", "origin": [8, 0, 8]},
			"faces": {
				"up": {"uv": [10, 14, 10.25, 14.25], "texture": "#0"}
			}
		},
		{
			"from": [14, 0.0025, 5.5],
			"to": [17, 0.0025, 8.5],
			"rotation": {"angle": 0, "axis": "y", "origin": [13.5, 0.0025, 5]},
			"faces": {
				"up": {"uv": [10, 14, 10.25, 14.25], "texture": "#0"}
			}
		},
		{
			"from": [13.75, 0.0025, 9.25],
			"to": [16.75, 0.0025, 13.75],
			"rotation": {"angle": 0, "axis": "y", "origin": [15.25, 0.0025, 11.5]},
			"faces": {
				"up": {"uv": [10, 14, 10.25, 14.25], "texture": "#0"}
			}
		},
		{
			"from": [-1.5, 0.0025, 12.25],
			"to": [0.5, 0.0025, 14.25],
			"rotation": {"angle": 22.5, "axis": "y", "origin": [-0.4375, 1.75125, 13.3125]},
			"faces": {
				"up": {"uv": [10, 14, 10.25, 14.25], "texture": "#0"}
			}
		}
	],
	"display": {
		"thirdperson_righthand": {
			"rotation": [75, 45, 0],
			"translation": [0, 2.5, 0],
			"scale": [0.1, 0.1, 0.1]
		},
		"thirdperson_lefthand": {
			"rotation": [75, 45, 0],
			"translation": [0, 2.5, 0],
			"scale": [0.1, 0.1, 0.1]
		},
		"firstperson_righthand": {
			"rotation": [0, 45, 0],
			"scale": [0.2, 0.2, 0.2]
		},
		"firstperson_lefthand": {
			"rotation": [0, 45, 0],
			"scale": [0.2, 0.2, 0.2]
		},
		"ground": {
			"scale": [0.1, 0.1, 0.1]
		},
		"gui": {
			"rotation": [20, 135, 0],
			"translation": [-1, 0, 0],
			"scale": [0.45, 0.45, 0.45]
		},
		"fixed": {
			"rotation": [-90, 0, 0],
			"translation": [0, 0, -32],
			"scale": [4, 4, 4]
		}
	}
}