{
	"credit": "Made by Falanta Fantomo with Blockbench",
	"textures": {
		"0": "buckshot:item/world/table",
		"1": "buckshot:item/world/paper",
		"5": "buckshot:item/world/stand",
		"6": "buckshot:item/world/shelf",
		"7": "buckshot:item/world/boombox",
		"8": "buckshot:item/world/tools",
		"9": "buckshot:item/world/magazine_01",
		"10": "buckshot:item/world/microcircuits",
		"11": "buckshot:item/world/chair",
		"12": "buckshot:item/world/extinguisher",
		"13": "buckshot:item/world/cardiograph_anim",
		"14": "buckshot:item/world/stereo",
		"15": "buckshot:item/world/speaker",
		"16": "buckshot:item/world/video_recorder",
		"17": "buckshot:item/world/bass"
	},
	"elements": [
		{
			"from": [14.5, 4.75, 14.75],
			"to": [16.5, 5.25, 16.25],
			"rotation": {"angle": 0, "axis": "y", "origin": [15.5, 5, 15.5]},
			"faces": {
				"north": {"uv": [12, 0, 14, 8], "rotation": 90, "texture": "#1"},
				"east": {"uv": [14, 0, 16, 6], "rotation": 90, "texture": "#1"},
				"south": {"uv": [12, 8, 14, 0], "rotation": 90, "texture": "#1"},
				"west": {"uv": [14, 0, 16, 6], "rotation": 90, "texture": "#1"},
				"up": {"uv": [0, 0, 6, 8], "rotation": 90, "texture": "#1"},
				"down": {"uv": [0, 16, 6, 8], "rotation": 270, "texture": "#1"}
			}
		},
		{
			"from": [14.5, 5, 14.75],
			"to": [16.5, 5, 16.25],
			"rotation": {"angle": -22.5, "axis": "y", "origin": [15.5, 5, 15.5]},
			"faces": {
				"north": {"uv": [12, 0, 14, 8], "rotation": 90, "texture": "#1"},
				"east": {"uv": [14, 0, 16, 6], "rotation": 90, "texture": "#1"},
				"south": {"uv": [12, 8, 14, 0], "rotation": 90, "texture": "#1"},
				"west": {"uv": [14, 0, 16, 6], "rotation": 90, "texture": "#1"},
				"up": {"uv": [0, 0, 6, 8], "rotation": 90, "texture": "#1"},
				"down": {"uv": [0, 16, 6, 8], "rotation": 270, "texture": "#1"}
			}
		},
		{
			"from": [14.5, 4.75, 16.5],
			"to": [16.5, 5.25, 18],
			"rotation": {"angle": 0, "axis": "y", "origin": [15.5, 4.75, 15.5]},
			"faces": {
				"north": {"uv": [12, 0, 14, 8], "rotation": 90, "texture": "#1"},
				"east": {"uv": [14, 0, 16, 6], "rotation": 90, "texture": "#1"},
				"south": {"uv": [12, 8, 14, 0], "rotation": 90, "texture": "#1"},
				"west": {"uv": [14, 0, 16, 6], "rotation": 90, "texture": "#1"},
				"up": {"uv": [0, 0, 6, 8], "rotation": 90, "texture": "#1"},
				"down": {"uv": [0, 16, 6, 8], "rotation": 270, "texture": "#1"}
			}
		},
		{
			"from": [14.25, 4.875, 16.5],
			"to": [16.25, 4.875, 18],
			"rotation": {"angle": 22.5, "axis": "y", "origin": [15.25, 5, 17.25]},
			"faces": {
				"north": {"uv": [12, 0, 14, 8], "rotation": 90, "texture": "#1"},
				"east": {"uv": [14, 0, 16, 6], "rotation": 90, "texture": "#1"},
				"south": {"uv": [12, 8, 14, 0], "rotation": 90, "texture": "#1"},
				"west": {"uv": [14, 0, 16, 6], "rotation": 90, "texture": "#1"},
				"up": {"uv": [0, 0, 6, 8], "rotation": 90, "texture": "#1"},
				"down": {"uv": [0, 16, 6, 8], "rotation": 270, "texture": "#1"}
			}
		},
		{
			"from": [14.5, 3.25, 17.25],
			"to": [16.5, 3.5, 18.75],
			"rotation": {"angle": 0, "axis": "y", "origin": [15.5, 3.375, 18]},
			"faces": {
				"north": {"uv": [12, 0, 13, 8], "rotation": 90, "texture": "#1"},
				"east": {"uv": [14, 0, 15, 6], "rotation": 90, "texture": "#1"},
				"south": {"uv": [12, 8, 13, 0], "rotation": 90, "texture": "#1"},
				"west": {"uv": [14, 0, 15, 6], "rotation": 90, "texture": "#1"},
				"up": {"uv": [0, 0, 6, 8], "rotation": 90, "texture": "#1"},
				"down": {"uv": [0, 16, 6, 8], "rotation": 270, "texture": "#1"}
			}
		},
		{
			"from": [14.5, 3, 17.25],
			"to": [16.5, 3.25, 18.75],
			"rotation": {"angle": -22.5, "axis": "y", "origin": [15.5, 3.125, 18]},
			"faces": {
				"north": {"uv": [13, 0, 14, 8], "rotation": 90, "texture": "#1"},
				"east": {"uv": [15, 0, 16, 6], "rotation": 90, "texture": "#1"},
				"south": {"uv": [13, 8, 14, 0], "rotation": 90, "texture": "#1"},
				"west": {"uv": [15, 0, 16, 6], "rotation": 90, "texture": "#1"},
				"up": {"uv": [0, 0, 6, 8], "rotation": 90, "texture": "#1"},
				"down": {"uv": [0, 16, 6, 8], "rotation": 270, "texture": "#1"}
			}
		},
		{
			"from": [14.5, 3.125, 17.25],
			"to": [16.5, 3.125, 18.75],
			"rotation": {"angle": 22.5, "axis": "y", "origin": [15.5, 3.125, 18]},
			"faces": {
				"north": {"uv": [13, 0, 14, 8], "rotation": 90, "texture": "#1"},
				"east": {"uv": [15, 0, 16, 6], "rotation": 90, "texture": "#1"},
				"south": {"uv": [13, 8, 14, 0], "rotation": 90, "texture": "#1"},
				"west": {"uv": [15, 0, 16, 6], "rotation": 90, "texture": "#1"},
				"up": {"uv": [0, 0, 6, 8], "rotation": 90, "texture": "#1"},
				"down": {"uv": [0, 16, 6, 8], "rotation": 270, "texture": "#1"}
			}
		},
		{
			"from": [17, 0, -3],
			"to": [17.5, 12, -2.5],
			"rotation": {"angle": 0, "axis": "y", "origin": [8, 0, 8]},
			"faces": {
				"north": {"uv": [0.75, 0, 0.25, 12], "texture": "#5"},
				"east": {"uv": [0.25, 0, 0.75, 12], "texture": "#5"},
				"south": {"uv": [0, 0, 0.5, 12], "texture": "#5"},
				"west": {"uv": [0.5, 0, 0, 12], "texture": "#5"},
				"up": {"uv": [0, 12.5, 0.5, 12], "texture": "#5"},
				"down": {"uv": [0.5, 12, 0, 12.5], "rotation": 270, "texture": "#5"}
			}
		},
		{
			"from": [17, 0, 3.75],
			"to": [17.5, 12, 4.25],
			"rotation": {"angle": 0, "axis": "y", "origin": [8, 0, 8]},
			"faces": {
				"north": {"uv": [0.75, 0, 0.25, 12], "texture": "#5"},
				"east": {"uv": [0.25, 0, 0.75, 12], "texture": "#5"},
				"south": {"uv": [0, 0, 0.5, 12], "texture": "#5"},
				"west": {"uv": [0.5, 0, 0, 12], "texture": "#5"},
				"up": {"uv": [0, 12.5, 0.5, 12], "texture": "#5"},
				"down": {"uv": [0.5, 12, 0, 12.5], "rotation": 270, "texture": "#5"}
			}
		},
		{
			"from": [17, 0, 10.5],
			"to": [17.5, 12, 11],
			"rotation": {"angle": 0, "axis": "y", "origin": [8, 0, 8]},
			"faces": {
				"north": {"uv": [0.5, 0, 0, 12], "texture": "#5"},
				"east": {"uv": [0.75, 0, 0.25, 12], "texture": "#5"},
				"south": {"uv": [0.25, 0, 0.75, 12], "texture": "#5"},
				"west": {"uv": [0, 0, 0.5, 12], "texture": "#5"},
				"up": {"uv": [0, 12, 0.5, 12.5], "texture": "#5"},
				"down": {"uv": [0, 12, 0.5, 12.5], "rotation": 270, "texture": "#5"}
			}
		},
		{
			"from": [17.25, 0, -2.5],
			"to": [17.25, 12, 3.75],
			"rotation": {"angle": 0, "axis": "y", "origin": [8, 0, 8]},
			"faces": {
				"east": {"uv": [7, 0, 0.75, 12], "texture": "#5"},
				"west": {"uv": [0.75, 0, 7, 12], "texture": "#5"}
			}
		},
		{
			"from": [17.25, 0, 4.25],
			"to": [17.25, 12, 10.5],
			"rotation": {"angle": 0, "axis": "y", "origin": [8, 0, 8]},
			"faces": {
				"east": {"uv": [7, 0, 0.75, 12], "texture": "#5"},
				"west": {"uv": [0.75, 0, 7, 12], "texture": "#5"}
			}
		},
		{
			"from": [-1.5, 0, -3],
			"to": [-1, 12, -2.5],
			"rotation": {"angle": 0, "axis": "y", "origin": [8, 0, 8]},
			"faces": {
				"north": {"uv": [0.25, 0, 0.75, 12], "texture": "#5"},
				"east": {"uv": [0, 0, 0.5, 12], "texture": "#5"},
				"south": {"uv": [0.5, 0, 0, 12], "texture": "#5"},
				"west": {"uv": [0.75, 0, 0.25, 12], "texture": "#5"},
				"up": {"uv": [0.5, 12.5, 0, 12], "texture": "#5"},
				"down": {"uv": [0.5, 12.5, 0, 12], "rotation": 270, "texture": "#5"}
			}
		},
		{
			"from": [-1.5, 0, 3.75],
			"to": [-1, 12, 4.25],
			"rotation": {"angle": 0, "axis": "y", "origin": [8, 0, 8]},
			"faces": {
				"north": {"uv": [0.25, 0, 0.75, 12], "texture": "#5"},
				"east": {"uv": [0, 0, 0.5, 12], "texture": "#5"},
				"south": {"uv": [0.5, 0, 0, 12], "texture": "#5"},
				"west": {"uv": [0.75, 0, 0.25, 12], "texture": "#5"},
				"up": {"uv": [0.5, 12.5, 0, 12], "texture": "#5"},
				"down": {"uv": [0.5, 12.5, 0, 12], "rotation": 270, "texture": "#5"}
			}
		},
		{
			"from": [-1.5, 0, 10.5],
			"to": [-1, 12, 11],
			"rotation": {"angle": 0, "axis": "y", "origin": [8, 0, 8]},
			"faces": {
				"north": {"uv": [0, 0, 0.5, 12], "texture": "#5"},
				"east": {"uv": [0.5, 0, 0, 12], "texture": "#5"},
				"south": {"uv": [0.75, 0, 0.25, 12], "texture": "#5"},
				"west": {"uv": [0.25, 0, 0.75, 12], "texture": "#5"},
				"up": {"uv": [0.5, 12, 0, 12.5], "texture": "#5"},
				"down": {"uv": [0, 12.5, 0.5, 12], "rotation": 270, "texture": "#5"}
			}
		},
		{
			"from": [-1.25, 0, -2.5],
			"to": [-1.25, 12, 3.75],
			"rotation": {"angle": 0, "axis": "y", "origin": [8, 0, 8]},
			"faces": {
				"east": {"uv": [7, 0, 0.75, 12], "texture": "#5"},
				"west": {"uv": [0.75, 0, 7, 12], "texture": "#5"}
			}
		},
		{
			"from": [-1.25, 0, 4.25],
			"to": [-1.25, 12, 10.5],
			"rotation": {"angle": 0, "axis": "y", "origin": [8, 0, 8]},
			"faces": {
				"east": {"uv": [7, 0, 0.75, 12], "texture": "#5"},
				"west": {"uv": [0.75, 0, 7, 12], "texture": "#5"}
			}
		},
		{
			"from": [2.75, 9.75, -2.75],
			"to": [13.25, 11.5, -2.75],
			"rotation": {"angle": 0, "axis": "y", "origin": [8, 0, 8]},
			"faces": {
				"north": {"uv": [7, 0, 8.75, 10.5], "rotation": 90, "texture": "#5"},
				"south": {"uv": [7, 10.5, 8.75, 0], "rotation": 90, "texture": "#5"}
			}
		},
		{
			"from": [13.25, 9.75, -2.75],
			"to": [17, 11.5, -2.75],
			"rotation": {"angle": 0, "axis": "y", "origin": [8, 0, 8]},
			"faces": {
				"north": {"uv": [8.75, 0, 10.5, 3.75], "rotation": 90, "texture": "#5"},
				"south": {"uv": [8.75, 3.75, 10.5, 0], "rotation": 90, "texture": "#5"}
			}
		},
		{
			"from": [-1, 9.75, -2.75],
			"to": [2.75, 11.5, -2.75],
			"rotation": {"angle": 0, "axis": "y", "origin": [8, 0, 8]},
			"faces": {
				"north": {"uv": [8.75, 3.75, 10.5, 0], "rotation": 90, "texture": "#5"},
				"south": {"uv": [8.75, 0, 10.5, 3.75], "rotation": 90, "texture": "#5"}
			}
		},
		{
			"from": [2.75, 9.75, 4],
			"to": [13.25, 11.5, 4],
			"rotation": {"angle": 0, "axis": "y", "origin": [8, 0, 8]},
			"faces": {
				"north": {"uv": [7, 10.5, 8.75, 0], "rotation": 90, "texture": "#5"},
				"south": {"uv": [7, 0, 8.75, 10.5], "rotation": 90, "texture": "#5"}
			}
		},
		{
			"from": [-1, 9.75, 4],
			"to": [2.75, 11.5, 4],
			"rotation": {"angle": 0, "axis": "y", "origin": [8, 0, 8]},
			"faces": {
				"north": {"uv": [8.75, 3.75, 10.5, 0], "rotation": 90, "texture": "#5"},
				"south": {"uv": [8.75, 0, 10.5, 3.75], "rotation": 90, "texture": "#5"}
			}
		},
		{
			"from": [13.25, 9.75, 4],
			"to": [17, 11.5, 4],
			"rotation": {"angle": 0, "axis": "y", "origin": [8, 0, 8]},
			"faces": {
				"north": {"uv": [8.75, 0, 10.5, 3.75], "rotation": 90, "texture": "#5"},
				"south": {"uv": [8.75, 3.75, 10.5, 0], "rotation": 90, "texture": "#5"}
			}
		},
		{
			"from": [2.75, 9.75, 10.75],
			"to": [13.25, 11.5, 10.75],
			"rotation": {"angle": 0, "axis": "y", "origin": [8, 0, 8]},
			"faces": {
				"north": {"uv": [7, 0, 8.75, 10.5], "rotation": 90, "texture": "#5"},
				"south": {"uv": [7, 10.5, 8.75, 0], "rotation": 90, "texture": "#5"}
			}
		},
		{
			"from": [-1, 9.75, 10.75],
			"to": [2.75, 11.5, 10.75],
			"rotation": {"angle": 0, "axis": "y", "origin": [8, 0, 8]},
			"faces": {
				"north": {"uv": [8.75, 3.75, 10.5, 0], "rotation": 90, "texture": "#5"},
				"south": {"uv": [8.75, 0, 10.5, 3.75], "rotation": 90, "texture": "#5"}
			}
		},
		{
			"from": [13.25, 9.75, 10.75],
			"to": [17, 11.5, 10.75],
			"rotation": {"angle": 0, "axis": "y", "origin": [8, 0, 8]},
			"faces": {
				"north": {"uv": [8.75, 0, 10.5, 3.75], "rotation": 90, "texture": "#5"},
				"south": {"uv": [8.75, 3.75, 10.5, 0], "rotation": 90, "texture": "#5"}
			}
		},
		{
			"from": [8, 9.5, -3],
			"to": [17, 9.75, -2.5],
			"rotation": {"angle": 0, "axis": "y", "origin": [8, 0, 8]},
			"faces": {
				"north": {"uv": [15.5, 9, 15.75, 0], "rotation": 90, "texture": "#5"},
				"south": {"uv": [15.75, 0, 16, 9], "rotation": 90, "texture": "#5"},
				"up": {"uv": [15.5, 0, 16, 9], "rotation": 90, "texture": "#5"},
				"down": {"uv": [16, 0, 15.5, 9], "rotation": 90, "texture": "#5"}
			}
		},
		{
			"from": [-1, 9.5, -3],
			"to": [8, 9.75, -2.5],
			"rotation": {"angle": 0, "axis": "y", "origin": [8, 0, 8]},
			"faces": {
				"north": {"uv": [15.5, 0, 15.75, 9], "rotation": 90, "texture": "#5"},
				"south": {"uv": [15.75, 9, 16, 0], "rotation": 90, "texture": "#5"},
				"up": {"uv": [15.5, 9, 16, 0], "rotation": 90, "texture": "#5"},
				"down": {"uv": [16, 9, 15.5, 0], "rotation": 90, "texture": "#5"}
			}
		},
		{
			"from": [-1, 9.5, 3.75],
			"to": [8, 9.75, 4.25],
			"rotation": {"angle": 0, "axis": "y", "origin": [8, 0, 8]},
			"faces": {
				"north": {"uv": [15.5, 0, 15.75, 9], "rotation": 90, "texture": "#5"},
				"south": {"uv": [15.75, 9, 16, 0], "rotation": 90, "texture": "#5"},
				"up": {"uv": [15.5, 9, 16, 0], "rotation": 90, "texture": "#5"},
				"down": {"uv": [16, 9, 15.5, 0], "rotation": 90, "texture": "#5"}
			}
		},
		{
			"from": [8, 9.5, 3.75],
			"to": [17, 9.75, 4.25],
			"rotation": {"angle": 0, "axis": "y", "origin": [8, 0, 8]},
			"faces": {
				"north": {"uv": [15.5, 9, 15.75, 0], "rotation": 90, "texture": "#5"},
				"south": {"uv": [15.75, 0, 16, 9], "rotation": 90, "texture": "#5"},
				"up": {"uv": [15.5, 0, 16, 9], "rotation": 90, "texture": "#5"},
				"down": {"uv": [16, 0, 15.5, 9], "rotation": 90, "texture": "#5"}
			}
		},
		{
			"from": [-1, 9.5, 10.5],
			"to": [8, 9.75, 11],
			"rotation": {"angle": 0, "axis": "y", "origin": [8, 0, 8]},
			"faces": {
				"north": {"uv": [15.5, 0, 15.75, 9], "rotation": 90, "texture": "#5"},
				"south": {"uv": [15.75, 9, 16, 0], "rotation": 90, "texture": "#5"},
				"up": {"uv": [15.5, 9, 16, 0], "rotation": 90, "texture": "#5"},
				"down": {"uv": [16, 9, 15.5, 0], "rotation": 90, "texture": "#5"}
			}
		},
		{
			"from": [8, 9.5, 10.5],
			"to": [17, 9.75, 11],
			"rotation": {"angle": 0, "axis": "y", "origin": [8, 0, 8]},
			"faces": {
				"north": {"uv": [15.5, 9, 15.75, 0], "rotation": 90, "texture": "#5"},
				"south": {"uv": [15.75, 0, 16, 9], "rotation": 90, "texture": "#5"},
				"up": {"uv": [15.5, 0, 16, 9], "rotation": 90, "texture": "#5"},
				"down": {"uv": [16, 0, 15.5, 9], "rotation": 90, "texture": "#5"}
			}
		},
		{
			"from": [12.75, 10, -3],
			"to": [13, 10, 11.5],
			"rotation": {"angle": 0, "axis": "y", "origin": [8, 0, 8]},
			"faces": {
				"up": {"uv": [14.5, 15.75, 0, 16], "rotation": 90, "texture": "#5"},
				"down": {"uv": [0, 15.75, 14.5, 16], "rotation": 90, "texture": "#5"}
			}
		},
		{
			"from": [3, 10, -3],
			"to": [3.25, 10, 11.5],
			"rotation": {"angle": 0, "axis": "y", "origin": [8, 0, 8]},
			"faces": {
				"up": {"uv": [1.5, 15.75, 16, 16], "rotation": 90, "texture": "#5"},
				"down": {"uv": [0, 15.75, 14.5, 16], "rotation": 90, "texture": "#5"}
			}
		},
		{
			"from": [7.875, 10, -3],
			"to": [8.125, 10, 11.5],
			"rotation": {"angle": 0, "axis": "y", "origin": [8, 0, 8]},
			"faces": {
				"up": {"uv": [1.5, 15.75, 16, 16], "rotation": 90, "texture": "#5"},
				"down": {"uv": [0, 15.75, 14.5, 16], "rotation": 90, "texture": "#5"}
			}
		},
		{
			"from": [5.4375, 10, -3],
			"to": [5.6875, 10, 11.5],
			"rotation": {"angle": 0, "axis": "y", "origin": [8, 0, 8]},
			"faces": {
				"up": {"uv": [0, 15.75, 14.5, 16], "rotation": 90, "texture": "#5"},
				"down": {"uv": [14.5, 15.75, 0, 16], "rotation": 90, "texture": "#5"}
			}
		},
		{
			"from": [10.3125, 10, -3],
			"to": [10.5625, 10, 11.5],
			"rotation": {"angle": 0, "axis": "y", "origin": [8, 0, 8]},
			"faces": {
				"up": {"uv": [0, 15.75, 14.5, 16], "rotation": 90, "texture": "#5"},
				"down": {"uv": [14.5, 15.75, 0, 16], "rotation": 90, "texture": "#5"}
			}
		},
		{
			"from": [17, 0, 12],
			"to": [17.5, 12, 12.5],
			"rotation": {"angle": 0, "axis": "y", "origin": [8, 0, 23]},
			"faces": {
				"north": {"uv": [0.75, 0, 0.25, 12], "texture": "#5"},
				"east": {"uv": [0.25, 0, 0.75, 12], "texture": "#5"},
				"south": {"uv": [0, 0, 0.5, 12], "texture": "#5"},
				"west": {"uv": [0.5, 0, 0, 12], "texture": "#5"},
				"up": {"uv": [0, 12.5, 0.5, 12], "texture": "#5"},
				"down": {"uv": [0.5, 12, 0, 12.5], "rotation": 270, "texture": "#5"}
			}
		},
		{
			"from": [17, 0, 18.75],
			"to": [17.5, 12, 19.25],
			"rotation": {"angle": 0, "axis": "y", "origin": [8, 0, 23]},
			"faces": {
				"north": {"uv": [0.75, 0, 0.25, 12], "texture": "#5"},
				"east": {"uv": [0.25, 0, 0.75, 12], "texture": "#5"},
				"south": {"uv": [0, 0, 0.5, 12], "texture": "#5"},
				"west": {"uv": [0.5, 0, 0, 12], "texture": "#5"},
				"up": {"uv": [0, 12.5, 0.5, 12], "texture": "#5"},
				"down": {"uv": [0.5, 12, 0, 12.5], "rotation": 270, "texture": "#5"}
			}
		},
		{
			"from": [17, 0, 25.5],
			"to": [17.5, 12, 26],
			"rotation": {"angle": 0, "axis": "y", "origin": [8, 0, 23]},
			"faces": {
				"north": {"uv": [0.5, 0, 0, 12], "texture": "#5"},
				"east": {"uv": [0.75, 0, 0.25, 12], "texture": "#5"},
				"south": {"uv": [0.25, 0, 0.75, 12], "texture": "#5"},
				"west": {"uv": [0, 0, 0.5, 12], "texture": "#5"},
				"up": {"uv": [0, 12, 0.5, 12.5], "texture": "#5"},
				"down": {"uv": [0, 12, 0.5, 12.5], "rotation": 270, "texture": "#5"}
			}
		},
		{
			"from": [17.25, 0, 12.5],
			"to": [17.25, 12, 18.75],
			"rotation": {"angle": 0, "axis": "y", "origin": [8, 0, 23]},
			"faces": {
				"east": {"uv": [7, 0, 0.75, 12], "texture": "#5"},
				"west": {"uv": [0.75, 0, 7, 12], "texture": "#5"}
			}
		},
		{
			"from": [17.25, 0, 19.25],
			"to": [17.25, 12, 25.5],
			"rotation": {"angle": 0, "axis": "y", "origin": [8, 0, 23]},
			"faces": {
				"east": {"uv": [7, 0, 0.75, 12], "texture": "#5"},
				"west": {"uv": [0.75, 0, 7, 12], "texture": "#5"}
			}
		},
		{
			"from": [-1.5, 0, 12],
			"to": [-1, 12, 12.5],
			"rotation": {"angle": 0, "axis": "y", "origin": [8, 0, 23]},
			"faces": {
				"north": {"uv": [0.25, 0, 0.75, 12], "texture": "#5"},
				"east": {"uv": [0, 0, 0.5, 12], "texture": "#5"},
				"south": {"uv": [0.5, 0, 0, 12], "texture": "#5"},
				"west": {"uv": [0.75, 0, 0.25, 12], "texture": "#5"},
				"up": {"uv": [0.5, 12.5, 0, 12], "texture": "#5"},
				"down": {"uv": [0.5, 12.5, 0, 12], "rotation": 270, "texture": "#5"}
			}
		},
		{
			"from": [-1.5, 0, 18.75],
			"to": [-1, 12, 19.25],
			"rotation": {"angle": 0, "axis": "y", "origin": [8, 0, 23]},
			"faces": {
				"north": {"uv": [0.25, 0, 0.75, 12], "texture": "#5"},
				"east": {"uv": [0, 0, 0.5, 12], "texture": "#5"},
				"south": {"uv": [0.5, 0, 0, 12], "texture": "#5"},
				"west": {"uv": [0.75, 0, 0.25, 12], "texture": "#5"},
				"up": {"uv": [0.5, 12.5, 0, 12], "texture": "#5"},
				"down": {"uv": [0.5, 12.5, 0, 12], "rotation": 270, "texture": "#5"}
			}
		},
		{
			"from": [-1.5, 0, 25.5],
			"to": [-1, 12, 26],
			"rotation": {"angle": 0, "axis": "y", "origin": [8, 0, 23]},
			"faces": {
				"north": {"uv": [0, 0, 0.5, 12], "texture": "#5"},
				"east": {"uv": [0.5, 0, 0, 12], "texture": "#5"},
				"south": {"uv": [0.75, 0, 0.25, 12], "texture": "#5"},
				"west": {"uv": [0.25, 0, 0.75, 12], "texture": "#5"},
				"up": {"uv": [0.5, 12, 0, 12.5], "texture": "#5"},
				"down": {"uv": [0, 12.5, 0.5, 12], "rotation": 270, "texture": "#5"}
			}
		},
		{
			"from": [-1.25, 0, 12.5],
			"to": [-1.25, 12, 18.75],
			"rotation": {"angle": 0, "axis": "y", "origin": [8, 0, 23]},
			"faces": {
				"east": {"uv": [7, 0, 0.75, 12], "texture": "#5"},
				"west": {"uv": [0.75, 0, 7, 12], "texture": "#5"}
			}
		},
		{
			"from": [-1.25, 0, 19.25],
			"to": [-1.25, 12, 25.5],
			"rotation": {"angle": 0, "axis": "y", "origin": [8, 0, 23]},
			"faces": {
				"east": {"uv": [7, 0, 0.75, 12], "texture": "#5"},
				"west": {"uv": [0.75, 0, 7, 12], "texture": "#5"}
			}
		},
		{
			"from": [2.75, 9.75, 12.25],
			"to": [13.25, 11.5, 12.25],
			"rotation": {"angle": 0, "axis": "y", "origin": [8, 0, 23]},
			"faces": {
				"north": {"uv": [7, 0, 8.75, 10.5], "rotation": 90, "texture": "#5"},
				"south": {"uv": [7, 10.5, 8.75, 0], "rotation": 90, "texture": "#5"}
			}
		},
		{
			"from": [13.25, 9.75, 12.25],
			"to": [17, 11.5, 12.25],
			"rotation": {"angle": 0, "axis": "y", "origin": [8, 0, 23]},
			"faces": {
				"north": {"uv": [8.75, 0, 10.5, 3.75], "rotation": 90, "texture": "#5"},
				"south": {"uv": [8.75, 3.75, 10.5, 0], "rotation": 90, "texture": "#5"}
			}
		},
		{
			"from": [-1, 9.75, 12.25],
			"to": [2.75, 11.5, 12.25],
			"rotation": {"angle": 0, "axis": "y", "origin": [8, 0, 23]},
			"faces": {
				"north": {"uv": [8.75, 3.75, 10.5, 0], "rotation": 90, "texture": "#5"},
				"south": {"uv": [8.75, 0, 10.5, 3.75], "rotation": 90, "texture": "#5"}
			}
		},
		{
			"from": [2.75, 9.75, 19],
			"to": [13.25, 11.5, 19],
			"rotation": {"angle": 0, "axis": "y", "origin": [8, 0, 23]},
			"faces": {
				"north": {"uv": [7, 10.5, 8.75, 0], "rotation": 90, "texture": "#5"},
				"south": {"uv": [7, 0, 8.75, 10.5], "rotation": 90, "texture": "#5"}
			}
		},
		{
			"from": [-1, 9.75, 19],
			"to": [2.75, 11.5, 19],
			"rotation": {"angle": 0, "axis": "y", "origin": [8, 0, 23]},
			"faces": {
				"north": {"uv": [8.75, 3.75, 10.5, 0], "rotation": 90, "texture": "#5"},
				"south": {"uv": [8.75, 0, 10.5, 3.75], "rotation": 90, "texture": "#5"}
			}
		},
		{
			"from": [13.25, 9.75, 19],
			"to": [17, 11.5, 19],
			"rotation": {"angle": 0, "axis": "y", "origin": [8, 0, 23]},
			"faces": {
				"north": {"uv": [8.75, 0, 10.5, 3.75], "rotation": 90, "texture": "#5"},
				"south": {"uv": [8.75, 3.75, 10.5, 0], "rotation": 90, "texture": "#5"}
			}
		},
		{
			"from": [2.75, 9.75, 25.75],
			"to": [13.25, 11.5, 25.75],
			"rotation": {"angle": 0, "axis": "y", "origin": [8, 0, 23]},
			"faces": {
				"north": {"uv": [7, 0, 8.75, 10.5], "rotation": 90, "texture": "#5"},
				"south": {"uv": [7, 10.5, 8.75, 0], "rotation": 90, "texture": "#5"}
			}
		},
		{
			"from": [-1, 9.75, 25.75],
			"to": [2.75, 11.5, 25.75],
			"rotation": {"angle": 0, "axis": "y", "origin": [8, 0, 23]},
			"faces": {
				"north": {"uv": [8.75, 3.75, 10.5, 0], "rotation": 90, "texture": "#5"},
				"south": {"uv": [8.75, 0, 10.5, 3.75], "rotation": 90, "texture": "#5"}
			}
		},
		{
			"from": [13.25, 9.75, 25.75],
			"to": [17, 11.5, 25.75],
			"rotation": {"angle": 0, "axis": "y", "origin": [8, 0, 23]},
			"faces": {
				"north": {"uv": [8.75, 0, 10.5, 3.75], "rotation": 90, "texture": "#5"},
				"south": {"uv": [8.75, 3.75, 10.5, 0], "rotation": 90, "texture": "#5"}
			}
		},
		{
			"from": [8, 9.5, 12],
			"to": [17, 9.75, 12.5],
			"rotation": {"angle": 0, "axis": "y", "origin": [8, 0, 23]},
			"faces": {
				"north": {"uv": [15.5, 9, 15.75, 0], "rotation": 90, "texture": "#5"},
				"south": {"uv": [15.75, 0, 16, 9], "rotation": 90, "texture": "#5"},
				"up": {"uv": [15.5, 0, 16, 9], "rotation": 90, "texture": "#5"},
				"down": {"uv": [16, 0, 15.5, 9], "rotation": 90, "texture": "#5"}
			}
		},
		{
			"from": [-1, 9.5, 12],
			"to": [8, 9.75, 12.5],
			"rotation": {"angle": 0, "axis": "y", "origin": [8, 0, 23]},
			"faces": {
				"north": {"uv": [15.5, 0, 15.75, 9], "rotation": 90, "texture": "#5"},
				"south": {"uv": [15.75, 9, 16, 0], "rotation": 90, "texture": "#5"},
				"up": {"uv": [15.5, 9, 16, 0], "rotation": 90, "texture": "#5"},
				"down": {"uv": [16, 9, 15.5, 0], "rotation": 90, "texture": "#5"}
			}
		},
		{
			"from": [-1, 9.5, 18.75],
			"to": [8, 9.75, 19.25],
			"rotation": {"angle": 0, "axis": "y", "origin": [8, 0, 23]},
			"faces": {
				"north": {"uv": [15.5, 0, 15.75, 9], "rotation": 90, "texture": "#5"},
				"south": {"uv": [15.75, 9, 16, 0], "rotation": 90, "texture": "#5"},
				"up": {"uv": [15.5, 9, 16, 0], "rotation": 90, "texture": "#5"},
				"down": {"uv": [16, 9, 15.5, 0], "rotation": 90, "texture": "#5"}
			}
		},
		{
			"from": [8, 9.5, 18.75],
			"to": [17, 9.75, 19.25],
			"rotation": {"angle": 0, "axis": "y", "origin": [8, 0, 23]},
			"faces": {
				"north": {"uv": [15.5, 9, 15.75, 0], "rotation": 90, "texture": "#5"},
				"south": {"uv": [15.75, 0, 16, 9], "rotation": 90, "texture": "#5"},
				"up": {"uv": [15.5, 0, 16, 9], "rotation": 90, "texture": "#5"},
				"down": {"uv": [16, 0, 15.5, 9], "rotation": 90, "texture": "#5"}
			}
		},
		{
			"from": [-1, 9.5, 25.5],
			"to": [8, 9.75, 26],
			"rotation": {"angle": 0, "axis": "y", "origin": [8, 0, 23]},
			"faces": {
				"north": {"uv": [15.5, 0, 15.75, 9], "rotation": 90, "texture": "#5"},
				"south": {"uv": [15.75, 9, 16, 0], "rotation": 90, "texture": "#5"},
				"up": {"uv": [15.5, 9, 16, 0], "rotation": 90, "texture": "#5"},
				"down": {"uv": [16, 9, 15.5, 0], "rotation": 90, "texture": "#5"}
			}
		},
		{
			"from": [8, 9.5, 25.5],
			"to": [17, 9.75, 26],
			"rotation": {"angle": 0, "axis": "y", "origin": [8, 0, 23]},
			"faces": {
				"north": {"uv": [15.5, 9, 15.75, 0], "rotation": 90, "texture": "#5"},
				"south": {"uv": [15.75, 0, 16, 9], "rotation": 90, "texture": "#5"},
				"up": {"uv": [15.5, 0, 16, 9], "rotation": 90, "texture": "#5"},
				"down": {"uv": [16, 0, 15.5, 9], "rotation": 90, "texture": "#5"}
			}
		},
		{
			"from": [12.75, 10, 11.5],
			"to": [13, 10, 26],
			"rotation": {"angle": 0, "axis": "y", "origin": [8, 0, 23]},
			"faces": {
				"up": {"uv": [14.5, 15.75, 0, 16], "rotation": 90, "texture": "#5"},
				"down": {"uv": [0, 15.75, 14.5, 16], "rotation": 90, "texture": "#5"}
			}
		},
		{
			"from": [3, 10, 11.5],
			"to": [3.25, 10, 26],
			"rotation": {"angle": 0, "axis": "y", "origin": [8, 0, 23]},
			"faces": {
				"up": {"uv": [1.5, 15.75, 16, 16], "rotation": 90, "texture": "#5"},
				"down": {"uv": [0, 15.75, 14.5, 16], "rotation": 90, "texture": "#5"}
			}
		},
		{
			"from": [7.875, 10, 11.5],
			"to": [8.125, 10, 26],
			"rotation": {"angle": 0, "axis": "y", "origin": [8, 0, 23]},
			"faces": {
				"up": {"uv": [1.5, 15.75, 16, 16], "rotation": 90, "texture": "#5"},
				"down": {"uv": [0, 15.75, 14.5, 16], "rotation": 90, "texture": "#5"}
			}
		},
		{
			"from": [5.4375, 10, 11.5],
			"to": [5.6875, 10, 26],
			"rotation": {"angle": 0, "axis": "y", "origin": [8, 0, 23]},
			"faces": {
				"up": {"uv": [0, 15.75, 14.5, 16], "rotation": 90, "texture": "#5"},
				"down": {"uv": [14.5, 15.75, 0, 16], "rotation": 90, "texture": "#5"}
			}
		},
		{
			"from": [10.3125, 10, 11.5],
			"to": [10.5625, 10, 26],
			"rotation": {"angle": 0, "axis": "y", "origin": [8, 0, 23]},
			"faces": {
				"up": {"uv": [0, 15.75, 14.5, 16], "rotation": 90, "texture": "#5"},
				"down": {"uv": [14.5, 15.75, 0, 16], "rotation": 90, "texture": "#5"}
			}
		},
		{
			"from": [10, 11.75, -4],
			"to": [14, 11.75, 0],
			"rotation": {"angle": 0, "axis": "y", "origin": [8, 0, 8]},
			"faces": {
				"down": {"uv": [11.5, 0, 15.5, 4], "texture": "#5"}
			}
		},
		{
			"from": [14, 11.75, -4],
			"to": [18, 11.75, 0],
			"rotation": {"angle": 0, "axis": "y", "origin": [8, 0, 8]},
			"faces": {
				"down": {"uv": [11.5, 0, 15.5, 4], "texture": "#5"}
			}
		},
		{
			"from": [2, 11.75, -4],
			"to": [6, 11.75, 0],
			"rotation": {"angle": 0, "axis": "y", "origin": [8, 0, 8]},
			"faces": {
				"down": {"uv": [11.5, 0, 15.5, 4], "texture": "#5"}
			}
		},
		{
			"from": [-2, 11.75, -4],
			"to": [2, 11.75, 0],
			"rotation": {"angle": 0, "axis": "y", "origin": [8, 0, 8]},
			"faces": {
				"down": {"uv": [11.5, 0, 15.5, 4], "texture": "#5"}
			}
		},
		{
			"from": [6, 11.75, -4],
			"to": [10, 11.75, 0],
			"rotation": {"angle": 0, "axis": "y", "origin": [8, 0, 8]},
			"faces": {
				"down": {"uv": [11.5, 0, 15.5, 4], "texture": "#5"}
			}
		},
		{
			"from": [10, 11.75, 0],
			"to": [14, 11.75, 4],
			"rotation": {"angle": 0, "axis": "y", "origin": [8, 0, 8]},
			"faces": {
				"down": {"uv": [11.5, 0, 15.5, 4], "texture": "#5"}
			}
		},
		{
			"from": [14, 11.75, 0],
			"to": [18, 11.75, 4],
			"rotation": {"angle": 0, "axis": "y", "origin": [8, 0, 8]},
			"faces": {
				"down": {"uv": [11.5, 0, 15.5, 4], "texture": "#5"}
			}
		},
		{
			"from": [2, 11.75, 0],
			"to": [6, 11.75, 4],
			"rotation": {"angle": 0, "axis": "y", "origin": [8, 0, 8]},
			"faces": {
				"down": {"uv": [11.5, 0, 15.5, 4], "texture": "#5"}
			}
		},
		{
			"from": [-2, 11.75, 0],
			"to": [2, 11.75, 4],
			"rotation": {"angle": 0, "axis": "y", "origin": [8, 0, 8]},
			"faces": {
				"down": {"uv": [11.5, 0, 15.5, 4], "texture": "#5"}
			}
		},
		{
			"from": [6, 11.75, 0],
			"to": [10, 11.75, 4],
			"rotation": {"angle": 0, "axis": "y", "origin": [8, 0, 8]},
			"faces": {
				"down": {"uv": [11.5, 0, 15.5, 4], "texture": "#5"}
			}
		},
		{
			"from": [10, 11.75, 4],
			"to": [14, 11.75, 8],
			"rotation": {"angle": 0, "axis": "y", "origin": [8, 0, 8]},
			"faces": {
				"down": {"uv": [11.5, 0, 15.5, 4], "texture": "#5"}
			}
		},
		{
			"from": [14, 11.75, 4],
			"to": [18, 11.75, 8],
			"rotation": {"angle": 0, "axis": "y", "origin": [8, 0, 8]},
			"faces": {
				"down": {"uv": [11.5, 0, 15.5, 4], "texture": "#5"}
			}
		},
		{
			"from": [2, 11.75, 4],
			"to": [6, 11.75, 8],
			"rotation": {"angle": 0, "axis": "y", "origin": [8, 0, 8]},
			"faces": {
				"down": {"uv": [11.5, 0, 15.5, 4], "texture": "#5"}
			}
		},
		{
			"from": [-2, 11.75, 4],
			"to": [2, 11.75, 8],
			"rotation": {"angle": 0, "axis": "y", "origin": [8, 0, 8]},
			"faces": {
				"down": {"uv": [11.5, 0, 15.5, 4], "texture": "#5"}
			}
		},
		{
			"from": [6, 11.75, 4],
			"to": [10, 11.75, 8],
			"rotation": {"angle": 0, "axis": "y", "origin": [8, 0, 8]},
			"faces": {
				"down": {"uv": [11.5, 0, 15.5, 4], "texture": "#5"}
			}
		},
		{
			"from": [10, 11.75, 16],
			"to": [14, 11.75, 20],
			"rotation": {"angle": 0, "axis": "y", "origin": [8, 0, 8]},
			"faces": {
				"down": {"uv": [11.5, 0, 15.5, 4], "texture": "#5"}
			}
		},
		{
			"from": [14, 11.75, 16],
			"to": [18, 11.75, 20],
			"rotation": {"angle": 0, "axis": "y", "origin": [8, 0, 8]},
			"faces": {
				"down": {"uv": [11.5, 0, 15.5, 4], "texture": "#5"}
			}
		},
		{
			"from": [2, 11.75, 16],
			"to": [6, 11.75, 20],
			"rotation": {"angle": 0, "axis": "y", "origin": [8, 0, 8]},
			"faces": {
				"down": {"uv": [11.5, 0, 15.5, 4], "texture": "#5"}
			}
		},
		{
			"from": [-2, 11.75, 16],
			"to": [2, 11.75, 20],
			"rotation": {"angle": 0, "axis": "y", "origin": [8, 0, 8]},
			"faces": {
				"down": {"uv": [11.5, 0, 15.5, 4], "texture": "#5"}
			}
		},
		{
			"from": [6, 11.75, 16],
			"to": [10, 11.75, 20],
			"rotation": {"angle": 0, "axis": "y", "origin": [8, 0, 8]},
			"faces": {
				"down": {"uv": [11.5, 0, 15.5, 4], "texture": "#5"}
			}
		},
		{
			"from": [10, 11.75, 8],
			"to": [14, 11.75, 12],
			"rotation": {"angle": 0, "axis": "y", "origin": [8, 0, 8]},
			"faces": {
				"down": {"uv": [11.5, 0, 15.5, 4], "texture": "#5"}
			}
		},
		{
			"from": [14, 11.75, 8],
			"to": [18, 11.75, 12],
			"rotation": {"angle": 0, "axis": "y", "origin": [8, 0, 8]},
			"faces": {
				"down": {"uv": [11.5, 0, 15.5, 4], "texture": "#5"}
			}
		},
		{
			"from": [2, 11.75, 8],
			"to": [6, 11.75, 12],
			"rotation": {"angle": 0, "axis": "y", "origin": [8, 0, 8]},
			"faces": {
				"down": {"uv": [11.5, 0, 15.5, 4], "texture": "#5"}
			}
		},
		{
			"from": [-2, 11.75, 8],
			"to": [2, 11.75, 12],
			"rotation": {"angle": 0, "axis": "y", "origin": [8, 0, 8]},
			"faces": {
				"down": {"uv": [11.5, 0, 15.5, 4], "texture": "#5"}
			}
		},
		{
			"from": [6, 11.75, 8],
			"to": [10, 11.75, 12],
			"rotation": {"angle": 0, "axis": "y", "origin": [8, 0, 8]},
			"faces": {
				"down": {"uv": [11.5, 0, 15.5, 4], "texture": "#5"}
			}
		},
		{
			"from": [10, 11.75, 12],
			"to": [14, 11.75, 16],
			"rotation": {"angle": 0, "axis": "y", "origin": [8, 0, 8]},
			"faces": {
				"down": {"uv": [11.5, 0, 15.5, 4], "texture": "#5"}
			}
		},
		{
			"from": [14, 11.75, 12],
			"to": [18, 11.75, 16],
			"rotation": {"angle": 0, "axis": "y", "origin": [8, 0, 8]},
			"faces": {
				"down": {"uv": [11.5, 0, 15.5, 4], "texture": "#5"}
			}
		},
		{
			"from": [2, 11.75, 12],
			"to": [6, 11.75, 16],
			"rotation": {"angle": 0, "axis": "y", "origin": [8, 0, 8]},
			"faces": {
				"down": {"uv": [11.5, 0, 15.5, 4], "texture": "#5"}
			}
		},
		{
			"from": [-2, 11.75, 12],
			"to": [2, 11.75, 16],
			"rotation": {"angle": 0, "axis": "y", "origin": [8, 0, 8]},
			"faces": {
				"down": {"uv": [11.5, 0, 15.5, 4], "texture": "#5"}
			}
		},
		{
			"from": [6, 11.75, 12],
			"to": [10, 11.75, 16],
			"rotation": {"angle": 0, "axis": "y", "origin": [8, 0, 8]},
			"faces": {
				"down": {"uv": [11.5, 0, 15.5, 4], "texture": "#5"}
			}
		},
		{
			"from": [1.375, 0, 3.875],
			"to": [1.625, 7, 4.125],
			"rotation": {"angle": 0, "axis": "y", "origin": [0.5, 3.5, 4]},
			"faces": {
				"north": {"uv": [0, 0, 0.5, 14], "texture": "#6"},
				"east": {"uv": [0, 0, 0.5, 14], "texture": "#6"},
				"south": {"uv": [0, 0, 0.5, 14], "texture": "#6"},
				"west": {"uv": [0, 0, 0.5, 14], "texture": "#6"},
				"up": {"uv": [0, 0, 0.5, 0.5], "texture": "#6"},
				"down": {"uv": [0, 13.5, 0.5, 14], "texture": "#6"}
			}
		},
		{
			"from": [-0.625, 0, 3.875],
			"to": [-0.375, 7, 4.125],
			"rotation": {"angle": 0, "axis": "y", "origin": [0.5, 3.5, 4]},
			"faces": {
				"north": {"uv": [0.5, 0, 1, 14], "texture": "#6"},
				"east": {"uv": [0.5, 0, 1, 14], "texture": "#6"},
				"south": {"uv": [0.5, 0, 1, 14], "texture": "#6"},
				"west": {"uv": [0.5, 0, 1, 14], "texture": "#6"},
				"up": {"uv": [0.5, 0, 1, 0.5], "texture": "#6"},
				"down": {"uv": [0.5, 13.5, 1, 14], "texture": "#6"}
			}
		},
		{
			"from": [-0.625, 0, 9.875],
			"to": [-0.375, 7, 10.125],
			"rotation": {"angle": 0, "axis": "y", "origin": [0.5, 3.5, 4]},
			"faces": {
				"north": {"uv": [0.5, 0, 1, 14], "texture": "#6"},
				"east": {"uv": [0.5, 0, 1, 14], "texture": "#6"},
				"south": {"uv": [0.5, 0, 1, 14], "texture": "#6"},
				"west": {"uv": [0.5, 0, 1, 14], "texture": "#6"},
				"up": {"uv": [0.5, 0, 1, 0.5], "texture": "#6"},
				"down": {"uv": [0.5, 13.5, 1, 14], "texture": "#6"}
			}
		},
		{
			"from": [1.375, 0, 9.875],
			"to": [1.625, 7, 10.125],
			"rotation": {"angle": 0, "axis": "y", "origin": [0.5, 3.5, 4]},
			"faces": {
				"north": {"uv": [0, 0, 0.5, 14], "texture": "#6"},
				"east": {"uv": [0, 0, 0.5, 14], "texture": "#6"},
				"south": {"uv": [0, 0, 0.5, 14], "texture": "#6"},
				"west": {"uv": [0, 0, 0.5, 14], "texture": "#6"},
				"up": {"uv": [0, 0, 0.5, 0.5], "texture": "#6"},
				"down": {"uv": [0, 13.5, 0.5, 14], "texture": "#6"}
			}
		},
		{
			"from": [-0.5, 1, 4],
			"to": [1.5, 1.25, 10],
			"rotation": {"angle": 0, "axis": "y", "origin": [0.5, 1.125, 7]},
			"faces": {
				"north": {"uv": [5, 0, 1, 0.5], "texture": "#6"},
				"east": {"uv": [4.5, 0, 5, 12], "rotation": 90, "texture": "#6"},
				"south": {"uv": [1, 11.5, 5, 12], "texture": "#6"},
				"west": {"uv": [1, 12, 1.5, 0], "rotation": 90, "texture": "#6"},
				"up": {"uv": [1, 0, 5, 12], "texture": "#6"},
				"down": {"uv": [1, 12, 5, 0], "texture": "#6"}
			}
		},
		{
			"from": [-0.5, 2.75, 4],
			"to": [1.5, 3, 10],
			"rotation": {"angle": 0, "axis": "y", "origin": [0.5, 1.125, 7]},
			"faces": {
				"north": {"uv": [5, 0.5, 1, 0], "texture": "#6"},
				"east": {"uv": [4.5, 12, 5, 0], "rotation": 90, "texture": "#6"},
				"south": {"uv": [1, 12, 5, 11.5], "texture": "#6"},
				"west": {"uv": [1, 0, 1.5, 12], "rotation": 90, "texture": "#6"},
				"up": {"uv": [1, 12, 5, 0], "texture": "#6"},
				"down": {"uv": [1, 0, 5, 12], "texture": "#6"}
			}
		},
		{
			"from": [-0.5, 6.25, 4],
			"to": [1.5, 6.5, 10],
			"rotation": {"angle": 0, "axis": "y", "origin": [0.5, 1.125, 7]},
			"faces": {
				"north": {"uv": [5, 0.5, 1, 0], "texture": "#6"},
				"east": {"uv": [4.5, 12, 5, 0], "rotation": 90, "texture": "#6"},
				"south": {"uv": [1, 12, 5, 11.5], "texture": "#6"},
				"west": {"uv": [1, 0, 1.5, 12], "rotation": 90, "texture": "#6"},
				"up": {"uv": [1, 12, 5, 0], "texture": "#6"},
				"down": {"uv": [1, 0, 5, 12], "texture": "#6"}
			}
		},
		{
			"from": [-0.5, 4.5, 4],
			"to": [1.5, 4.75, 10],
			"rotation": {"angle": 0, "axis": "y", "origin": [0.5, 1.125, 7]},
			"faces": {
				"north": {"uv": [5, 0, 1, 0.5], "texture": "#6"},
				"east": {"uv": [4.5, 0, 5, 12], "rotation": 90, "texture": "#6"},
				"south": {"uv": [1, 11.5, 5, 12], "texture": "#6"},
				"west": {"uv": [1, 12, 1.5, 0], "rotation": 90, "texture": "#6"},
				"up": {"uv": [1, 0, 5, 12], "texture": "#6"},
				"down": {"uv": [1, 12, 5, 0], "texture": "#6"}
			}
		},
		{
			"from": [-0.75, 0.0025, 3.75],
			"to": [1.75, 0.0025, 10.25],
			"rotation": {"angle": 0, "axis": "y", "origin": [8, 0, 8]},
			"faces": {
				"up": {"uv": [10, 14, 10.25, 14.25], "texture": "#0"}
			}
		},
		{
			"from": [14.375, 0, 13.875],
			"to": [14.625, 7, 14.125],
			"rotation": {"angle": 0, "axis": "y", "origin": [15.5, 3.5, 14]},
			"faces": {
				"north": {"uv": [0, 0, 0.5, 14], "texture": "#6"},
				"east": {"uv": [0, 0, 0.5, 14], "texture": "#6"},
				"south": {"uv": [0, 0, 0.5, 14], "texture": "#6"},
				"west": {"uv": [0, 0, 0.5, 14], "texture": "#6"},
				"up": {"uv": [0, 0, 0.5, 0.5], "texture": "#6"},
				"down": {"uv": [0, 13.5, 0.5, 14], "texture": "#6"}
			}
		},
		{
			"from": [16.375, 0, 13.875],
			"to": [16.625, 7, 14.125],
			"rotation": {"angle": 0, "axis": "y", "origin": [15.5, 3.5, 14]},
			"faces": {
				"north": {"uv": [0.5, 0, 1, 14], "texture": "#6"},
				"east": {"uv": [0.5, 0, 1, 14], "texture": "#6"},
				"south": {"uv": [0.5, 0, 1, 14], "texture": "#6"},
				"west": {"uv": [0.5, 0, 1, 14], "texture": "#6"},
				"up": {"uv": [0.5, 0, 1, 0.5], "texture": "#6"},
				"down": {"uv": [0.5, 13.5, 1, 14], "texture": "#6"}
			}
		},
		{
			"from": [16.375, 0, 19.875],
			"to": [16.625, 7, 20.125],
			"rotation": {"angle": 0, "axis": "y", "origin": [15.5, 3.5, 14]},
			"faces": {
				"north": {"uv": [0.5, 0, 1, 14], "texture": "#6"},
				"east": {"uv": [0.5, 0, 1, 14], "texture": "#6"},
				"south": {"uv": [0.5, 0, 1, 14], "texture": "#6"},
				"west": {"uv": [0.5, 0, 1, 14], "texture": "#6"},
				"up": {"uv": [0.5, 0, 1, 0.5], "texture": "#6"},
				"down": {"uv": [0.5, 13.5, 1, 14], "texture": "#6"}
			}
		},
		{
			"from": [14.375, 0, 19.875],
			"to": [14.625, 7, 20.125],
			"rotation": {"angle": 0, "axis": "y", "origin": [15.5, 3.5, 14]},
			"faces": {
				"north": {"uv": [0, 0, 0.5, 14], "texture": "#6"},
				"east": {"uv": [0, 0, 0.5, 14], "texture": "#6"},
				"south": {"uv": [0, 0, 0.5, 14], "texture": "#6"},
				"west": {"uv": [0, 0, 0.5, 14], "texture": "#6"},
				"up": {"uv": [0, 0, 0.5, 0.5], "texture": "#6"},
				"down": {"uv": [0, 13.5, 0.5, 14], "texture": "#6"}
			}
		},
		{
			"from": [14.5, 1, 14],
			"to": [16.5, 1.25, 20],
			"rotation": {"angle": 0, "axis": "y", "origin": [15.5, 1.125, 17]},
			"faces": {
				"north": {"uv": [1, 0, 5, 0.5], "texture": "#6"},
				"east": {"uv": [1, 0, 1.5, 12], "rotation": 90, "texture": "#6"},
				"south": {"uv": [5, 11.5, 1, 12], "texture": "#6"},
				"west": {"uv": [4.5, 12, 5, 0], "rotation": 90, "texture": "#6"},
				"up": {"uv": [5, 0, 1, 12], "texture": "#6"},
				"down": {"uv": [5, 12, 1, 0], "texture": "#6"}
			}
		},
		{
			"from": [14.5, 2.75, 14],
			"to": [16.5, 3, 20],
			"rotation": {"angle": 0, "axis": "y", "origin": [15.5, 1.125, 17]},
			"faces": {
				"north": {"uv": [1, 0.5, 5, 0], "texture": "#6"},
				"east": {"uv": [1, 12, 1.5, 0], "rotation": 90, "texture": "#6"},
				"south": {"uv": [5, 12, 1, 11.5], "texture": "#6"},
				"west": {"uv": [4.5, 0, 5, 12], "rotation": 90, "texture": "#6"},
				"up": {"uv": [5, 12, 1, 0], "texture": "#6"},
				"down": {"uv": [5, 0, 1, 12], "texture": "#6"}
			}
		},
		{
			"from": [14.5, 6.25, 14],
			"to": [16.5, 6.5, 20],
			"rotation": {"angle": 0, "axis": "y", "origin": [15.5, 1.125, 17]},
			"faces": {
				"north": {"uv": [1, 0.5, 5, 0], "texture": "#6"},
				"east": {"uv": [1, 12, 1.5, 0], "rotation": 90, "texture": "#6"},
				"south": {"uv": [5, 12, 1, 11.5], "texture": "#6"},
				"west": {"uv": [4.5, 0, 5, 12], "rotation": 90, "texture": "#6"},
				"up": {"uv": [5, 12, 1, 0], "texture": "#6"},
				"down": {"uv": [5, 0, 1, 12], "texture": "#6"}
			}
		},
		{
			"from": [14.5, 4.5, 14],
			"to": [16.5, 4.75, 20],
			"rotation": {"angle": 0, "axis": "y", "origin": [15.5, 1.125, 17]},
			"faces": {
				"north": {"uv": [1, 0, 5, 0.5], "texture": "#6"},
				"east": {"uv": [1, 0, 1.5, 12], "rotation": 90, "texture": "#6"},
				"south": {"uv": [5, 11.5, 1, 12], "texture": "#6"},
				"west": {"uv": [4.5, 12, 5, 0], "rotation": 90, "texture": "#6"},
				"up": {"uv": [5, 0, 1, 12], "texture": "#6"},
				"down": {"uv": [5, 12, 1, 0], "texture": "#6"}
			}
		},
		{
			"from": [14.25, 0.0025, 13.75],
			"to": [16.75, 0.0025, 20.25],
			"rotation": {"angle": 0, "axis": "y", "origin": [8, 0, 8]},
			"faces": {
				"up": {"uv": [10, 14, 10.25, 14.25], "texture": "#0"}
			}
		},
		{
			"from": [0.125, 3, 6.5],
			"to": [0.875, 4.5, 9.5],
			"rotation": {"angle": 22.5, "axis": "y", "origin": [0.75, 3.6875, 8]},
			"faces": {
				"north": {"uv": [12, 0, 15, 6], "texture": "#7"},
				"east": {"uv": [0, 0, 12, 6], "texture": "#7"},
				"south": {"uv": [15, 0, 12, 6], "texture": "#7"},
				"west": {"uv": [0, 8, 12, 14], "texture": "#7"},
				"up": {"uv": [0, 6, 12, 9], "rotation": 90, "texture": "#7"},
				"down": {"uv": [0, 13, 12, 16], "rotation": 270, "texture": "#7"}
			}
		},
		{
			"from": [0.875, 3, 7.5],
			"to": [1.125, 4.25, 8.5],
			"rotation": {"angle": 22.5, "axis": "y", "origin": [0.75, 3.6875, 8]},
			"faces": {
				"north": {"uv": [7, 1, 8, 6], "texture": "#7"},
				"east": {"uv": [4, 1, 8, 6], "texture": "#7"},
				"south": {"uv": [4, 1, 5, 6], "texture": "#7"},
				"up": {"uv": [8, 1, 4, 2], "rotation": 90, "texture": "#7"},
				"down": {"uv": [4, 5, 8, 6], "rotation": 90, "texture": "#7"}
			}
		},
		{
			"from": [1.57843, 1.25, 6.125],
			"to": [2.32843, 1.5, 6.375],
			"rotation": {"angle": -45, "axis": "y", "origin": [-1.25, 1.25, 6.25]},
			"faces": {
				"north": {"uv": [3, 0, 0, 1], "texture": "#8"},
				"east": {"uv": [2, 0, 3, 1], "texture": "#8"},
				"south": {"uv": [0, 0, 3, 1], "texture": "#8"},
				"west": {"uv": [0, 0, 1, 1], "texture": "#8"},
				"up": {"uv": [0, 0, 3, 1], "texture": "#8"},
				"down": {"uv": [0, 0, 3, 1], "texture": "#8"}
			}
		},
		{
			"from": [0.82843, 1.25, 6.25],
			"to": [1.57843, 1.5, 6.25],
			"rotation": {"angle": -45, "axis": "y", "origin": [-1.25, 1.25, 6.25]},
			"faces": {
				"north": {"uv": [3, 0, 6, 1], "texture": "#8"},
				"south": {"uv": [6, 0, 3, 1], "texture": "#8"}
			}
		},
		{
			"from": [0.25, 1.25, 6.0625],
			"to": [1.25, 1.5, 6.3125],
			"rotation": {"angle": 0, "axis": "y", "origin": [-1.75, 1.25, 4.1875]},
			"faces": {
				"north": {"uv": [10, 0, 6, 1], "texture": "#8"},
				"east": {"uv": [9, 0, 10, 1], "texture": "#8"},
				"south": {"uv": [6, 0, 10, 1], "texture": "#8"},
				"west": {"uv": [6, 0, 7, 1], "texture": "#8"},
				"up": {"uv": [6, 0, 10, 1], "texture": "#8"},
				"down": {"uv": [6, 0, 10, 1], "texture": "#8"}
			}
		},
		{
			"from": [1.07843, 1.25, 4.1875],
			"to": [2.07843, 1.5, 4.4375],
			"rotation": {"angle": -45, "axis": "y", "origin": [-1.75, 1.25, 4.3125]},
			"faces": {
				"north": {"uv": [10, 0, 6, 1], "texture": "#8"},
				"east": {"uv": [9, 0, 10, 1], "texture": "#8"},
				"south": {"uv": [6, 0, 10, 1], "texture": "#8"},
				"west": {"uv": [6, 0, 7, 1], "texture": "#8"},
				"up": {"uv": [6, 0, 10, 1], "texture": "#8"},
				"down": {"uv": [6, 0, 10, 1], "texture": "#8"}
			}
		},
		{
			"from": [-1.41761, 1.375, 6.48813],
			"to": [-0.66761, 1.375, 7.23813],
			"rotation": {"angle": 22.5, "axis": "y", "origin": [-2.125, 1.375, 4.25]},
			"faces": {
				"up": {"uv": [0, 1, 3, 4], "texture": "#8"},
				"down": {"uv": [0, 4, 3, 1], "texture": "#8"}
			}
		},
		{
			"from": [-0.66761, 4.75, 9.42563],
			"to": [0.33239, 5, 9.67563],
			"rotation": {"angle": 22.5, "axis": "y", "origin": [-1.75, 4.75, 6.9375]},
			"faces": {
				"north": {"uv": [10, 0, 6, 1], "texture": "#8"},
				"east": {"uv": [9, 0, 10, 1], "texture": "#8"},
				"south": {"uv": [6, 0, 10, 1], "texture": "#8"},
				"west": {"uv": [6, 0, 7, 1], "texture": "#8"},
				"up": {"uv": [6, 0, 10, 1], "texture": "#8"},
				"down": {"uv": [6, 0, 10, 1], "texture": "#8"}
			}
		},
		{
			"from": [0.86313, 4.75, 8.01989],
			"to": [1.86313, 5, 8.26989],
			"rotation": {"angle": -22.5, "axis": "y", "origin": [-1.75, 4.75, 7.0625]},
			"faces": {
				"north": {"uv": [10, 0, 6, 1], "texture": "#8"},
				"east": {"uv": [9, 0, 10, 1], "texture": "#8"},
				"south": {"uv": [6, 0, 10, 1], "texture": "#8"},
				"west": {"uv": [6, 0, 7, 1], "texture": "#8"},
				"up": {"uv": [6, 0, 10, 1], "texture": "#8"},
				"down": {"uv": [6, 0, 10, 1], "texture": "#8"}
			}
		},
		{
			"from": [0.32843, 4.875, 6.625],
			"to": [1.07843, 4.875, 7.375],
			"rotation": {"angle": -45, "axis": "y", "origin": [-2.125, 4.875, 7]},
			"faces": {
				"up": {"uv": [0, 1, 3, 4], "rotation": 270, "texture": "#8"},
				"down": {"uv": [0, 4, 3, 1], "rotation": 90, "texture": "#8"}
			}
		},
		{
			"from": [1.36313, 1.25, 4.45739],
			"to": [2.11313, 1.5, 4.70739],
			"rotation": {"angle": -22.5, "axis": "y", "origin": [-1.25, 1.25, 3.5]},
			"faces": {
				"north": {"uv": [3, 0, 0, 1], "texture": "#8"},
				"east": {"uv": [2, 0, 3, 1], "texture": "#8"},
				"south": {"uv": [0, 0, 3, 1], "texture": "#8"},
				"west": {"uv": [0, 0, 1, 1], "texture": "#8"},
				"up": {"uv": [0, 0, 3, 1], "texture": "#8"},
				"down": {"uv": [0, 0, 3, 1], "texture": "#8"}
			}
		},
		{
			"from": [0.61313, 1.25, 4.58239],
			"to": [1.36313, 1.5, 4.58239],
			"rotation": {"angle": -22.5, "axis": "y", "origin": [-1.25, 1.25, 3.5]},
			"faces": {
				"north": {"uv": [3, 0, 6, 1], "texture": "#8"},
				"south": {"uv": [6, 0, 3, 1], "texture": "#8"}
			}
		},
		{
			"from": [-1.75, 3, 6.70343],
			"to": [-1, 3.25, 6.95343],
			"rotation": {"angle": 45, "axis": "y", "origin": [-1.75, 3, 4]},
			"faces": {
				"north": {"uv": [3, 0, 0, 1], "texture": "#8"},
				"east": {"uv": [2, 0, 3, 1], "texture": "#8"},
				"south": {"uv": [0, 0, 3, 1], "texture": "#8"},
				"west": {"uv": [0, 0, 1, 1], "texture": "#8"},
				"up": {"uv": [0, 0, 3, 1], "texture": "#8"},
				"down": {"uv": [0, 0, 3, 1], "texture": "#8"}
			}
		},
		{
			"from": [-2.5, 3, 6.82843],
			"to": [-1.75, 3.25, 6.82843],
			"rotation": {"angle": 45, "axis": "y", "origin": [-1.75, 3, 4]},
			"faces": {
				"north": {"uv": [3, 0, 6, 1], "texture": "#8"},
				"south": {"uv": [6, 0, 3, 1], "texture": "#8"}
			}
		},
		{
			"from": [-0.41761, 4.75, 8.48813],
			"to": [0.33239, 5, 8.73813],
			"rotation": {"angle": 22.5, "axis": "y", "origin": [-1.5, 4.75, 6]},
			"faces": {
				"north": {"uv": [3, 0, 0, 1], "texture": "#8"},
				"east": {"uv": [2, 0, 3, 1], "texture": "#8"},
				"south": {"uv": [0, 0, 3, 1], "texture": "#8"},
				"west": {"uv": [0, 0, 1, 1], "texture": "#8"},
				"up": {"uv": [0, 0, 3, 1], "texture": "#8"},
				"down": {"uv": [0, 0, 3, 1], "texture": "#8"}
			}
		},
		{
			"from": [-1.16761, 4.75, 8.61313],
			"to": [-0.41761, 5, 8.61313],
			"rotation": {"angle": 22.5, "axis": "y", "origin": [-1.5, 4.75, 6]},
			"faces": {
				"north": {"uv": [3, 0, 6, 1], "texture": "#8"},
				"south": {"uv": [6, 0, 3, 1], "texture": "#8"}
			}
		},
		{
			"from": [-0.25, 3, 4.875],
			"to": [1.25, 3.25, 5.125],
			"rotation": {"angle": 0, "axis": "y", "origin": [0.5, 3, 5]},
			"faces": {
				"north": {"uv": [9, 1, 3, 2], "texture": "#8"},
				"east": {"uv": [8, 1, 9, 2], "texture": "#8"},
				"south": {"uv": [3, 1, 9, 2], "texture": "#8"},
				"west": {"uv": [3, 1, 4, 2], "texture": "#8"},
				"up": {"uv": [3, 1, 9, 2], "texture": "#8"},
				"down": {"uv": [3, 1, 9, 2], "texture": "#8"}
			}
		},
		{
			"from": [0, 4.75, 6.625],
			"to": [1.25, 5, 6.875],
			"rotation": {"angle": 0, "axis": "y", "origin": [-1.5, 4.75, 4.75]},
			"faces": {
				"north": {"uv": [15, 0, 10, 1], "texture": "#8"},
				"east": {"uv": [14, 0, 15, 1], "texture": "#8"},
				"south": {"uv": [10, 0, 15, 1], "texture": "#8"},
				"west": {"uv": [10, 0, 11, 1], "texture": "#8"},
				"up": {"uv": [10, 0, 15, 1], "texture": "#8"},
				"down": {"uv": [10, 0, 15, 1], "texture": "#8"}
			}
		},
		{
			"from": [-0.25, 4.75, 6.375],
			"to": [0, 5, 7.125],
			"rotation": {"angle": 0, "axis": "y", "origin": [-1.5, 4.75, 4.75]},
			"faces": {
				"north": {"uv": [3, 3, 4, 2], "rotation": 90, "texture": "#8"},
				"east": {"uv": [6, 2, 3, 3], "texture": "#8"},
				"south": {"uv": [5, 2, 6, 3], "rotation": 90, "texture": "#8"},
				"west": {"uv": [3, 2, 6, 3], "texture": "#8"},
				"up": {"uv": [3, 2, 6, 3], "rotation": 90, "texture": "#8"},
				"down": {"uv": [3, 2, 6, 3], "texture": "#8"}
			}
		},
		{
			"from": [14.375, 3.05, 14.5],
			"to": [16.125, 3.05, 17],
			"rotation": {"angle": 0, "axis": "y", "origin": [13.25, 3, 13.75]},
			"faces": {
				"up": {"uv": [0, 0, 7, 10], "texture": "#9"},
				"down": {"uv": [0, 10, 7, 0], "texture": "#9"}
			}
		},
		{
			"from": [13.95739, 3.025, 15.61313],
			"to": [15.45739, 3.025, 17.61313],
			"rotation": {"angle": 22.5, "axis": "y", "origin": [13.25, 3, 13.75]},
			"faces": {
				"up": {"uv": [7, 0, 13, 8], "texture": "#9"},
				"down": {"uv": [7, 8, 13, 0], "texture": "#9"}
			}
		},
		{
			"from": [16.86313, 3.5, 17.08239],
			"to": [17.11313, 3.75, 17.83239],
			"rotation": {"angle": -22.5, "axis": "y", "origin": [14.375, 3.5, 16]},
			"faces": {
				"north": {"uv": [0, 0, 1, 1], "texture": "#8"},
				"east": {"uv": [3, 0, 0, 1], "texture": "#8"},
				"south": {"uv": [2, 0, 3, 1], "texture": "#8"},
				"west": {"uv": [0, 0, 3, 1], "texture": "#8"},
				"up": {"uv": [0, 0, 3, 1], "rotation": 90, "texture": "#8"},
				"down": {"uv": [0, 0, 3, 1], "rotation": 270, "texture": "#8"}
			}
		},
		{
			"from": [16.98813, 3.5, 16.33239],
			"to": [16.98813, 3.75, 17.08239],
			"rotation": {"angle": -22.5, "axis": "y", "origin": [14.375, 3.5, 16]},
			"faces": {
				"east": {"uv": [3, 0, 6, 1], "texture": "#8"},
				"west": {"uv": [6, 0, 3, 1], "texture": "#8"}
			}
		},
		{
			"from": [13.76989, 3.5, 18.61313],
			"to": [14.01989, 3.75, 19.61313],
			"rotation": {"angle": 22.5, "axis": "y", "origin": [12.8125, 3.5, 16]},
			"faces": {
				"north": {"uv": [6, 0, 7, 1], "texture": "#8"},
				"east": {"uv": [10, 0, 6, 1], "texture": "#8"},
				"south": {"uv": [9, 0, 10, 1], "texture": "#8"},
				"west": {"uv": [6, 0, 10, 1], "texture": "#8"},
				"up": {"uv": [6, 0, 10, 1], "rotation": 90, "texture": "#8"},
				"down": {"uv": [6, 0, 10, 1], "rotation": 270, "texture": "#8"}
			}
		},
		{
			"from": [15.17563, 3.5, 17.08239],
			"to": [15.42563, 3.75, 18.08239],
			"rotation": {"angle": -22.5, "axis": "y", "origin": [12.6875, 3.5, 16]},
			"faces": {
				"north": {"uv": [6, 0, 7, 1], "texture": "#8"},
				"east": {"uv": [10, 0, 6, 1], "texture": "#8"},
				"south": {"uv": [9, 0, 10, 1], "texture": "#8"},
				"west": {"uv": [6, 0, 10, 1], "texture": "#8"},
				"up": {"uv": [6, 0, 10, 1], "rotation": 90, "texture": "#8"},
				"down": {"uv": [6, 0, 10, 1], "rotation": 270, "texture": "#8"}
			}
		},
		{
			"from": [12.375, 3.625, 18.07843],
			"to": [13.125, 3.625, 18.82843],
			"rotation": {"angle": 45, "axis": "y", "origin": [12.75, 3.625, 15.625]},
			"faces": {
				"up": {"uv": [0, 1, 3, 4], "rotation": 90, "texture": "#8"},
				"down": {"uv": [3, 1, 0, 4], "rotation": 90, "texture": "#8"}
			}
		},
		{
			"from": [15.75, 3.5, 17.625],
			"to": [16, 3.75, 18.875],
			"rotation": {"angle": 0, "axis": "y", "origin": [15.875, 3.5, 18.125]},
			"faces": {
				"north": {"uv": [10, 0, 11, 1], "texture": "#8"},
				"east": {"uv": [15, 0, 10, 1], "texture": "#8"},
				"south": {"uv": [14, 0, 15, 1], "texture": "#8"},
				"west": {"uv": [10, 0, 15, 1], "texture": "#8"},
				"up": {"uv": [10, 0, 15, 1], "rotation": 90, "texture": "#8"},
				"down": {"uv": [10, 0, 15, 1], "rotation": 270, "texture": "#8"}
			}
		},
		{
			"from": [15.5, 3.5, 17.375],
			"to": [16.25, 3.75, 17.625],
			"rotation": {"angle": 0, "axis": "y", "origin": [15.875, 3.5, 18.125]},
			"faces": {
				"north": {"uv": [3, 2, 6, 3], "texture": "#8"},
				"east": {"uv": [3, 3, 4, 2], "rotation": 90, "texture": "#8"},
				"south": {"uv": [6, 2, 3, 3], "texture": "#8"},
				"west": {"uv": [5, 2, 6, 3], "rotation": 90, "texture": "#8"},
				"up": {"uv": [3, 2, 6, 3], "rotation": 180, "texture": "#8"},
				"down": {"uv": [3, 2, 6, 3], "rotation": 270, "texture": "#8"}
			}
		},
		{
			"from": [14.5, 5.275, 15],
			"to": [16.5, 5.275, 15.5],
			"rotation": {"angle": -22.5, "axis": "y", "origin": [15.5, 5.375, 15.25]},
			"faces": {
				"up": {"uv": [0, 0, 8, 2], "texture": "#10"},
				"down": {"uv": [0, 2, 8, 0], "texture": "#10"}
			}
		},
		{
			"from": [14.75, 3.075, 16.75],
			"to": [16.75, 3.075, 17.25],
			"rotation": {"angle": 0, "axis": "y", "origin": [15.75, 3.125, 17]},
			"faces": {
				"up": {"uv": [0, 0, 8, 2], "texture": "#10"},
				"down": {"uv": [0, 2, 8, 0], "texture": "#10"}
			}
		},
		{
			"from": [14.125, 3.125, 15.5],
			"to": [16.125, 3.125, 16],
			"rotation": {"angle": -45, "axis": "y", "origin": [15.125, 3.15, 15.75]},
			"faces": {
				"up": {"uv": [0, 0, 8, 2], "texture": "#10"},
				"down": {"uv": [0, 2, 8, 0], "texture": "#10"}
			}
		},
		{
			"from": [14.5, 3.1, 14.75],
			"to": [16.5, 3.1, 15.25],
			"rotation": {"angle": -22.5, "axis": "y", "origin": [15.5, 3.125, 15]},
			"faces": {
				"up": {"uv": [0, 0, 8, 2], "texture": "#10"},
				"down": {"uv": [0, 2, 8, 0], "texture": "#10"}
			}
		},
		{
			"from": [15.25, 5.275, 15.75],
			"to": [15.75, 5.275, 17.75],
			"rotation": {"angle": 22.5, "axis": "y", "origin": [15.5, 5.375, 16.75]},
			"faces": {
				"up": {"uv": [0, 0, 8, 2], "rotation": 90, "texture": "#10"},
				"down": {"uv": [0, 2, 8, 0], "rotation": 270, "texture": "#10"}
			}
		},
		{
			"from": [14.75, 5.3, 16.375],
			"to": [15.5, 5.3, 17.875],
			"rotation": {"angle": -22.5, "axis": "y", "origin": [15, 5.375, 17.125]},
			"faces": {
				"up": {"uv": [0, 2, 6, 5], "rotation": 90, "texture": "#10"},
				"down": {"uv": [6, 2, 0, 5], "rotation": 90, "texture": "#10"}
			}
		},
		{
			"from": [15.5, 3.08125, 15.375],
			"to": [16.25, 3.08125, 16.875],
			"rotation": {"angle": 45, "axis": "y", "origin": [15.75, 3.125, 16.125]},
			"faces": {
				"up": {"uv": [0, 2, 6, 5], "rotation": 270, "texture": "#10"},
				"down": {"uv": [6, 2, 0, 5], "rotation": 270, "texture": "#10"}
			}
		},
		{
			"from": [14.9375, 5.325, 15.375],
			"to": [15.6875, 5.325, 16.875],
			"rotation": {"angle": 45, "axis": "y", "origin": [15.1875, 5.375, 16.125]},
			"faces": {
				"up": {"uv": [0, 5, 6, 8], "rotation": 90, "texture": "#10"},
				"down": {"uv": [6, 5, 0, 8], "rotation": 90, "texture": "#10"}
			}
		},
		{
			"from": [15.1875, 3.15, 15.375],
			"to": [15.9375, 3.15, 16.875],
			"rotation": {"angle": 22.5, "axis": "y", "origin": [15.4375, 3.15, 16.125]},
			"faces": {
				"up": {"uv": [0, 5, 6, 8], "rotation": 270, "texture": "#10"},
				"down": {"uv": [6, 5, 0, 8], "rotation": 270, "texture": "#10"}
			}
		},
		{
			"from": [15.1875, 3.075, 14.125],
			"to": [15.9375, 3.075, 15.625],
			"rotation": {"angle": -45, "axis": "y", "origin": [15.4375, 3.15, 14.875]},
			"faces": {
				"up": {"uv": [0, 5, 6, 8], "rotation": 90, "texture": "#10"},
				"down": {"uv": [6, 5, 0, 8], "rotation": 90, "texture": "#10"}
			}
		},
		{
			"from": [0, 1.75, 10.5],
			"to": [2, 2, 12.5],
			"rotation": {"angle": 0, "axis": "y", "origin": [1, 0, 11.5]},
			"faces": {
				"north": {"uv": [0, 8, 1, 0], "rotation": 90, "texture": "#11"},
				"east": {"uv": [8, 0, 0, 1], "texture": "#11"},
				"south": {"uv": [7, 0, 8, 8], "rotation": 90, "texture": "#11"},
				"west": {"uv": [0, 7, 8, 8], "texture": "#11"},
				"up": {"uv": [0, 0, 8, 8], "rotation": 90, "texture": "#11"},
				"down": {"uv": [0, 8, 8, 0], "rotation": 270, "texture": "#11"}
			}
		},
		{
			"from": [0.125, 1.25, 10.625],
			"to": [1.875, 1.75, 12.375],
			"rotation": {"angle": 0, "axis": "y", "origin": [1, 0, 11.5]},
			"faces": {
				"north": {"uv": [14, 0, 16, 7], "rotation": 90, "texture": "#11"},
				"east": {"uv": [14, 0, 16, 7], "rotation": 90, "texture": "#11"},
				"south": {"uv": [14, 0, 16, 7], "rotation": 90, "texture": "#11"},
				"west": {"uv": [14, 0, 16, 7], "rotation": 90, "texture": "#11"}
			}
		},
		{
			"from": [0.125, 1.75, 10.625],
			"to": [1.875, 1.25, 12.375],
			"rotation": {"angle": 0, "axis": "y", "origin": [1, 0, 11.5]},
			"faces": {
				"north": {"uv": [16, 0, 14, 7], "rotation": 90, "texture": "#11"},
				"east": {"uv": [16, 0, 14, 7], "rotation": 90, "texture": "#11"},
				"south": {"uv": [16, 0, 14, 7], "rotation": 90, "texture": "#11"},
				"west": {"uv": [16, 0, 14, 7], "rotation": 90, "texture": "#11"}
			}
		},
		{
			"from": [1.75, 0, 10.5],
			"to": [2, 1.75, 10.75],
			"rotation": {"angle": 0, "axis": "y", "origin": [1, 0, 11.5]},
			"faces": {
				"north": {"uv": [8, 0, 9, 7], "texture": "#11"},
				"east": {"uv": [8, 0, 9, 7], "texture": "#11"},
				"south": {"uv": [8, 0, 9, 7], "texture": "#11"},
				"west": {"uv": [8, 0, 9, 7], "texture": "#11"},
				"down": {"uv": [8, 6, 9, 7], "rotation": 270, "texture": "#11"}
			}
		},
		{
			"from": [0, 0, 10.5],
			"to": [0.25, 1.75, 10.75],
			"rotation": {"angle": 0, "axis": "y", "origin": [1, 0, 11.5]},
			"faces": {
				"north": {"uv": [9, 0, 10, 7], "texture": "#11"},
				"east": {"uv": [9, 0, 10, 7], "texture": "#11"},
				"south": {"uv": [9, 0, 10, 7], "texture": "#11"},
				"west": {"uv": [9, 0, 10, 7], "texture": "#11"},
				"down": {"uv": [9, 6, 10, 7], "rotation": 270, "texture": "#11"}
			}
		},
		{
			"from": [0, 0, 12.25],
			"to": [0.25, 1.75, 12.5],
			"rotation": {"angle": 0, "axis": "y", "origin": [1, 0, 11.5]},
			"faces": {
				"north": {"uv": [9, 0, 10, 7], "texture": "#11"},
				"east": {"uv": [9, 0, 10, 7], "texture": "#11"},
				"south": {"uv": [9, 0, 10, 7], "texture": "#11"},
				"west": {"uv": [9, 0, 10, 7], "texture": "#11"},
				"down": {"uv": [9, 6, 10, 7], "rotation": 270, "texture": "#11"}
			}
		},
		{
			"from": [1.75, 0, 12.25],
			"to": [2, 1.75, 12.5],
			"rotation": {"angle": 0, "axis": "y", "origin": [1, 0, 11.5]},
			"faces": {
				"north": {"uv": [8, 0, 9, 7], "texture": "#11"},
				"east": {"uv": [8, 0, 9, 7], "texture": "#11"},
				"south": {"uv": [8, 0, 9, 7], "texture": "#11"},
				"west": {"uv": [8, 0, 9, 7], "texture": "#11"},
				"down": {"uv": [8, 6, 9, 7], "rotation": 270, "texture": "#11"}
			}
		},
		{
			"from": [0, 2, 10.5],
			"to": [0.25, 4.25, 10.75],
			"rotation": {"angle": 0, "axis": "y", "origin": [-0.25, 2, 10.375]},
			"faces": {
				"north": {"uv": [10, 0, 11, 9], "texture": "#11"},
				"east": {"uv": [10, 0, 11, 9], "texture": "#11"},
				"south": {"uv": [10, 0, 11, 9], "texture": "#11"},
				"west": {"uv": [10, 0, 11, 9], "texture": "#11"},
				"up": {"uv": [10, 0, 11, 1], "rotation": 90, "texture": "#11"}
			}
		},
		{
			"from": [0, 2, 12.25],
			"to": [0.25, 4.25, 12.5],
			"rotation": {"angle": 0, "axis": "y", "origin": [-0.25, 2, 10.375]},
			"faces": {
				"north": {"uv": [10, 0, 11, 9], "texture": "#11"},
				"east": {"uv": [10, 0, 11, 9], "texture": "#11"},
				"south": {"uv": [10, 0, 11, 9], "texture": "#11"},
				"west": {"uv": [10, 0, 11, 9], "texture": "#11"},
				"up": {"uv": [10, 0, 11, 1], "rotation": 90, "texture": "#11"}
			}
		},
		{
			"from": [0, 3.25, 10.75],
			"to": [0.25, 4, 12.25],
			"rotation": {"angle": 0, "axis": "y", "origin": [-0.25, 2, 10.375]},
			"faces": {
				"east": {"uv": [11, 0, 14, 6], "rotation": 90, "texture": "#11"},
				"west": {"uv": [11, 6, 14, 0], "rotation": 90, "texture": "#11"},
				"up": {"uv": [11, 6, 12, 0], "rotation": 180, "texture": "#11"},
				"down": {"uv": [13, 6, 14, 0], "texture": "#11"}
			}
		},
		{
			"from": [-0.25, 0.0025, 10.25],
			"to": [2.25, 0.0025, 12.75],
			"rotation": {"angle": 0, "axis": "y", "origin": [8, 0, 8]},
			"faces": {
				"up": {"uv": [10, 14, 10.25, 14.25], "texture": "#0"}
			}
		},
		{
			"from": [-0.5, 1.75, 14.5],
			"to": [1.5, 2, 16.5],
			"rotation": {"angle": 22.5, "axis": "y", "origin": [0.5, 1.81375, 15.5]},
			"faces": {
				"north": {"uv": [0, 8, 1, 0], "rotation": 90, "texture": "#11"},
				"east": {"uv": [8, 0, 0, 1], "texture": "#11"},
				"south": {"uv": [7, 0, 8, 8], "rotation": 90, "texture": "#11"},
				"west": {"uv": [0, 7, 8, 8], "texture": "#11"},
				"up": {"uv": [0, 0, 8, 8], "rotation": 90, "texture": "#11"},
				"down": {"uv": [0, 8, 8, 0], "rotation": 270, "texture": "#11"}
			}
		},
		{
			"from": [-0.375, 1.25, 14.625],
			"to": [1.375, 1.75, 16.375],
			"rotation": {"angle": 22.5, "axis": "y", "origin": [0.5, 1.81375, 15.5]},
			"faces": {
				"north": {"uv": [14, 0, 16, 7], "rotation": 90, "texture": "#11"},
				"east": {"uv": [14, 0, 16, 7], "rotation": 90, "texture": "#11"},
				"south": {"uv": [14, 0, 16, 7], "rotation": 90, "texture": "#11"},
				"west": {"uv": [14, 0, 16, 7], "rotation": 90, "texture": "#11"}
			}
		},
		{
			"from": [-0.375, 1.75, 14.625],
			"to": [1.375, 1.25, 16.375],
			"rotation": {"angle": 22.5, "axis": "y", "origin": [0.5, 1.81375, 15.5]},
			"faces": {
				"north": {"uv": [16, 0, 14, 7], "rotation": 90, "texture": "#11"},
				"east": {"uv": [16, 0, 14, 7], "rotation": 90, "texture": "#11"},
				"south": {"uv": [16, 0, 14, 7], "rotation": 90, "texture": "#11"},
				"west": {"uv": [16, 0, 14, 7], "rotation": 90, "texture": "#11"}
			}
		},
		{
			"from": [1.25, 0, 14.5],
			"to": [1.5, 1.75, 14.75],
			"rotation": {"angle": 22.5, "axis": "y", "origin": [0.5, 1.81375, 15.5]},
			"faces": {
				"north": {"uv": [8, 0, 9, 7], "texture": "#11"},
				"east": {"uv": [8, 0, 9, 7], "texture": "#11"},
				"south": {"uv": [8, 0, 9, 7], "texture": "#11"},
				"west": {"uv": [8, 0, 9, 7], "texture": "#11"},
				"down": {"uv": [8, 6, 9, 7], "rotation": 270, "texture": "#11"}
			}
		},
		{
			"from": [-0.5, 0, 14.5],
			"to": [-0.25, 1.75, 14.75],
			"rotation": {"angle": 22.5, "axis": "y", "origin": [0.5, 1.81375, 15.5]},
			"faces": {
				"north": {"uv": [9, 0, 10, 7], "texture": "#11"},
				"east": {"uv": [9, 0, 10, 7], "texture": "#11"},
				"south": {"uv": [9, 0, 10, 7], "texture": "#11"},
				"west": {"uv": [9, 0, 10, 7], "texture": "#11"},
				"down": {"uv": [9, 6, 10, 7], "rotation": 270, "texture": "#11"}
			}
		},
		{
			"from": [-0.5, 0, 16.25],
			"to": [-0.25, 1.75, 16.5],
			"rotation": {"angle": 22.5, "axis": "y", "origin": [0.5, 1.81375, 15.5]},
			"faces": {
				"north": {"uv": [9, 0, 10, 7], "texture": "#11"},
				"east": {"uv": [9, 0, 10, 7], "texture": "#11"},
				"south": {"uv": [9, 0, 10, 7], "texture": "#11"},
				"west": {"uv": [9, 0, 10, 7], "texture": "#11"},
				"down": {"uv": [9, 6, 10, 7], "rotation": 270, "texture": "#11"}
			}
		},
		{
			"from": [1.25, 0, 16.25],
			"to": [1.5, 1.75, 16.5],
			"rotation": {"angle": 22.5, "axis": "y", "origin": [0.5, 1.81375, 15.5]},
			"faces": {
				"north": {"uv": [8, 0, 9, 7], "texture": "#11"},
				"east": {"uv": [8, 0, 9, 7], "texture": "#11"},
				"south": {"uv": [8, 0, 9, 7], "texture": "#11"},
				"west": {"uv": [8, 0, 9, 7], "texture": "#11"},
				"down": {"uv": [8, 6, 9, 7], "rotation": 270, "texture": "#11"}
			}
		},
		{
			"from": [-0.5, 2, 14.5],
			"to": [-0.25, 4.25, 14.75],
			"rotation": {"angle": 22.5, "axis": "y", "origin": [0.5, 1.81375, 15.5]},
			"faces": {
				"north": {"uv": [10, 0, 11, 9], "texture": "#11"},
				"east": {"uv": [10, 0, 11, 9], "texture": "#11"},
				"south": {"uv": [10, 0, 11, 9], "texture": "#11"},
				"west": {"uv": [10, 0, 11, 9], "texture": "#11"},
				"up": {"uv": [10, 0, 11, 1], "rotation": 90, "texture": "#11"}
			}
		},
		{
			"from": [-0.5, 2, 16.25],
			"to": [-0.25, 4.25, 16.5],
			"rotation": {"angle": 22.5, "axis": "y", "origin": [0.5, 1.81375, 15.5]},
			"faces": {
				"north": {"uv": [10, 0, 11, 9], "texture": "#11"},
				"east": {"uv": [10, 0, 11, 9], "texture": "#11"},
				"south": {"uv": [10, 0, 11, 9], "texture": "#11"},
				"west": {"uv": [10, 0, 11, 9], "texture": "#11"},
				"up": {"uv": [10, 0, 11, 1], "rotation": 90, "texture": "#11"}
			}
		},
		{
			"from": [-0.5, 3.25, 14.75],
			"to": [-0.25, 4, 16.25],
			"rotation": {"angle": 22.5, "axis": "y", "origin": [0.5, 1.81375, 15.5]},
			"faces": {
				"east": {"uv": [11, 0, 14, 6], "rotation": 90, "texture": "#11"},
				"west": {"uv": [11, 6, 14, 0], "rotation": 90, "texture": "#11"},
				"up": {"uv": [11, 6, 12, 0], "rotation": 180, "texture": "#11"},
				"down": {"uv": [13, 6, 14, 0], "texture": "#11"}
			}
		},
		{
			"from": [-0.75, 0.0025, 14.25],
			"to": [1.75, 0.0025, 16.75],
			"rotation": {"angle": 22.5, "axis": "y", "origin": [0.5, 1.81375, 15.5]},
			"faces": {
				"up": {"uv": [10, 14, 10.25, 14.25], "texture": "#0"}
			}
		},
		{
			"from": [-1.25, 0, 12.5],
			"to": [0.25, 3, 14],
			"rotation": {"angle": 22.5, "axis": "y", "origin": [-0.4375, 1.75125, 13.3125]},
			"faces": {
				"north": {"uv": [13, 0, 16, 6], "texture": "#12"},
				"east": {"uv": [10.5, 0, 13.5, 6], "texture": "#12"},
				"south": {"uv": [8, 0, 11, 6], "texture": "#12"},
				"west": {"uv": [5.5, 0, 8.5, 6], "texture": "#12"},
				"up": {"uv": [13, 6, 16, 9], "texture": "#12"},
				"down": {"uv": [10, 6, 13, 9], "texture": "#12"}
			}
		},
		{
			"from": [-0.75, 3, 13],
			"to": [-0.25, 3.25, 13.5],
			"rotation": {"angle": 22.5, "axis": "y", "origin": [-0.4375, 1.75125, 13.3125]},
			"faces": {
				"north": {"uv": [10, 7, 9, 7.5], "texture": "#12"},
				"east": {"uv": [9.5, 7, 10, 8], "rotation": 90, "texture": "#12"},
				"south": {"uv": [9, 7.5, 10, 8], "texture": "#12"},
				"west": {"uv": [9, 8, 9.5, 7], "rotation": 90, "texture": "#12"},
				"up": {"uv": [9, 7, 10, 8], "texture": "#12"}
			}
		},
		{
			"from": [-0.375, 3.25, 13],
			"to": [-0.125, 3.75, 13.5],
			"rotation": {"angle": 22.5, "axis": "y", "origin": [-0.4375, 1.75125, 13.3125]},
			"faces": {
				"north": {"uv": [8, 6, 8.5, 7], "texture": "#12"},
				"east": {"uv": [9, 6, 10, 7], "texture": "#12"},
				"south": {"uv": [8.5, 6, 9, 7], "texture": "#12"},
				"west": {"uv": [8, 6, 9, 7], "texture": "#12"},
				"up": {"uv": [8, 6, 9, 6.5], "rotation": 90, "texture": "#12"},
				"down": {"uv": [9, 6.5, 8, 7], "rotation": 90, "texture": "#12"}
			}
		},
		{
			"from": [-0.875, 3.25, 13.125],
			"to": [-0.375, 3.75, 13.375],
			"rotation": {"angle": 22.5, "axis": "y", "origin": [-0.4375, 1.75125, 13.3125]},
			"faces": {
				"north": {"uv": [9, 7, 8, 8], "texture": "#12"},
				"south": {"uv": [8, 7, 9, 8], "texture": "#12"},
				"west": {"uv": [8, 7, 8.5, 8], "texture": "#12"},
				"up": {"uv": [8, 7, 9, 7.5], "texture": "#12"},
				"down": {"uv": [8, 7.5, 9, 8], "texture": "#12"}
			}
		},
		{
			"from": [-0.5, 0.25, 12],
			"to": [-0.5, 4.25, 14.75],
			"rotation": {"angle": 22.5, "axis": "y", "origin": [-0.4375, 1.75125, 13.3125]},
			"faces": {
				"east": {"uv": [0, 0, 5.5, 8], "texture": "#12"},
				"west": {"uv": [5.5, 0, 0, 8], "texture": "#12"}
			}
		},
		{
			"from": [-1.5, 0.0025, 12.25],
			"to": [0.5, 0.0025, 14.25],
			"rotation": {"angle": 22.5, "axis": "y", "origin": [-0.4375, 1.75125, 13.3125]},
			"faces": {
				"up": {"uv": [10, 14, 10.25, 14.25], "texture": "#0"}
			}
		},
		{
			"from": [0.125, 2, 13.875],
			"to": [1.875, 4, 16.375],
			"rotation": {"angle": 45, "axis": "y", "origin": [1, 3, 15.125]},
			"faces": {
				"north": {"uv": [5, 0, 8.5, 4], "texture": "#13"},
				"east": {"uv": [0, 0, 5, 4], "texture": "#13"},
				"south": {"uv": [8.5, 0, 5, 4], "texture": "#13"},
				"west": {"uv": [0, 6.5, 5, 10.5], "rotation": 180, "texture": "#13"},
				"up": {"uv": [8.5, 0, 13.5, 3.5], "rotation": 90, "texture": "#13"},
				"down": {"uv": [0, 3.5, 5, 7], "rotation": 90, "texture": "#13"}
			}
		},
		{
			"from": [0.125, 4, 14.5],
			"to": [0.875, 4.25, 15.25],
			"rotation": {"angle": 0, "axis": "y", "origin": [-0.875, 2, 12.875]},
			"faces": {
				"north": {"uv": [0, 7, 1, 4], "rotation": 90, "texture": "#8"},
				"east": {"uv": [3, 4, 0, 5], "texture": "#8"},
				"south": {"uv": [2, 4, 3, 7], "rotation": 90, "texture": "#8"},
				"west": {"uv": [0, 6, 3, 7], "texture": "#8"},
				"down": {"uv": [3, 4, 0, 7], "rotation": 90, "texture": "#8"}
			}
		},
		{
			"from": [0.125, 4.25, 14.5],
			"to": [0.875, 4.0025, 15.25],
			"rotation": {"angle": 0, "axis": "y", "origin": [-0.875, 2, 12.875]},
			"faces": {
				"north": {"uv": [0, 7, 1, 4], "rotation": 90, "texture": "#8"},
				"east": {"uv": [3, 4, 0, 5], "texture": "#8"},
				"south": {"uv": [2, 4, 3, 7], "rotation": 90, "texture": "#8"},
				"west": {"uv": [0, 6, 3, 7], "texture": "#8"},
				"up": {"uv": [0, 4, 3, 7], "rotation": 90, "texture": "#8"},
				"down": {"uv": [0, 3.5, 5, 7], "rotation": 90, "texture": "#13"}
			}
		},
		{
			"from": [0.1875, 3.23463, 14.47276],
			"to": [0.4375, 3.48463, 15.22276],
			"rotation": {"angle": -22.5, "axis": "x", "origin": [-1.8125, 4, 12.625]},
			"faces": {
				"north": {"uv": [5, 3, 6, 4], "texture": "#8"},
				"east": {"uv": [6, 3, 3, 4], "texture": "#8"},
				"south": {"uv": [5, 3, 6, 4], "texture": "#8"},
				"west": {"uv": [3, 3, 6, 4], "texture": "#8"},
				"up": {"uv": [3, 3, 6, 4], "rotation": 90, "texture": "#8"},
				"down": {"uv": [6, 3, 3, 4], "rotation": 90, "texture": "#8"}
			}
		},
		{
			"from": [-0.48011, 4, 15.23813],
			"to": [-0.23011, 4.25, 15.73813],
			"rotation": {"angle": 22.5, "axis": "y", "origin": [-1.5625, 4, 12.625]},
			"faces": {
				"north": {"uv": [5, 3, 6, 4], "texture": "#8"},
				"east": {"uv": [5, 3, 3, 4], "texture": "#8"},
				"south": {"uv": [5, 3, 6, 4], "texture": "#8"},
				"west": {"uv": [3, 3, 5, 4], "texture": "#8"},
				"up": {"uv": [3, 3, 5, 4], "rotation": 90, "texture": "#8"},
				"down": {"uv": [5, 3, 3, 4], "rotation": 90, "texture": "#8"}
			}
		},
		{
			"from": [1.125, 4, 15.25],
			"to": [1.875, 4.25, 15.75],
			"rotation": {"angle": 0, "axis": "y", "origin": [1.5, 4, 15.5]},
			"faces": {
				"north": {"uv": [3, 6, 6, 7], "texture": "#8"},
				"east": {"uv": [9, 1, 11, 2], "texture": "#8"},
				"south": {"uv": [6, 6, 3, 7], "texture": "#8"},
				"west": {"uv": [11, 1, 9, 2], "texture": "#8"},
				"up": {"uv": [3, 4, 6, 6], "texture": "#8"},
				"down": {"uv": [0, 0, 3, 2], "texture": "#missing"}
			}
		},
		{
			"from": [14, 0, 9.625],
			"to": [16.5, 4.25, 13.375],
			"rotation": {"angle": 0, "axis": "y", "origin": [15.25, 0, 11.5]},
			"faces": {
				"north": {"uv": [0, 0, 5, 8.5], "texture": "#14"},
				"east": {"uv": [12, 0, 4.5, 8.5], "texture": "#14"},
				"west": {"uv": [4.5, 0, 12, 8.5], "texture": "#14"},
				"up": {"uv": [0, 8.5, 5, 16], "texture": "#14"},
				"down": {"uv": [5, 8.5, 10, 16], "rotation": 180, "texture": "#14"}
			}
		},
		{
			"from": [15.25, 0, 13.375],
			"to": [16.5, 4.25, 13.375],
			"rotation": {"angle": 0, "axis": "y", "origin": [15.875, 2.125, 13.375]},
			"faces": {
				"south": {"uv": [13.5, 0, 16, 8.5], "texture": "#14"}
			}
		},
		{
			"from": [14, 0, 13.375],
			"to": [15.25, 4.25, 13.375],
			"rotation": {"angle": 0, "axis": "y", "origin": [14.625, 2.125, 13.375]},
			"faces": {
				"south": {"uv": [16, 0, 13.5, 8.5], "texture": "#14"}
			}
		},
		{
			"from": [13.75, 0.0025, 9.25],
			"to": [16.75, 0.0025, 13.75],
			"rotation": {"angle": 0, "axis": "y", "origin": [15.25, 0.0025, 11.5]},
			"faces": {
				"up": {"uv": [10, 14, 10.25, 14.25], "texture": "#0"}
			}
		},
		{
			"from": [15.11313, 4.25, 9.08239],
			"to": [17.11313, 6.5, 10.58239],
			"rotation": {"angle": -22.5, "axis": "y", "origin": [13.5, 4.25, 8.75]},
			"faces": {
				"north": {"uv": [7, 0, 3, 4.5], "texture": "#15"},
				"east": {"uv": [7, 0, 10, 4.5], "texture": "#15"},
				"south": {"uv": [3, 0, 7, 4.5], "texture": "#15"},
				"west": {"uv": [0, 0, 3, 4.5], "texture": "#15"},
				"up": {"uv": [0, 4.5, 3, 8.5], "rotation": 90, "texture": "#15"},
				"down": {"uv": [3, 4.5, 6, 8.5], "rotation": 90, "texture": "#15"}
			}
		},
		{
			"from": [14.25, 4.25, 11.5],
			"to": [16.25, 5.75, 13.75],
			"rotation": {"angle": 0, "axis": "y", "origin": [15.25, 5, 11.5]},
			"faces": {
				"north": {"uv": [3, 4.5, 6, 8.5], "rotation": 270, "texture": "#15"},
				"east": {"uv": [7, 0, 10, 4.5], "rotation": 270, "texture": "#15"},
				"south": {"uv": [0, 4.5, 3, 8.5], "rotation": 90, "texture": "#15"},
				"west": {"uv": [0, 0, 3, 4.5], "rotation": 90, "texture": "#15"},
				"up": {"uv": [7, 0, 3, 4.5], "rotation": 180, "texture": "#15"},
				"down": {"uv": [3, 0, 7, 4.5], "texture": "#15"}
			}
		},
		{
			"from": [14.86313, 5.75, 10.45739],
			"to": [15.86313, 7, 12.95739],
			"rotation": {"angle": -22.5, "axis": "y", "origin": [12.75, 5.75, 10.5]},
			"faces": {
				"north": {"uv": [5, 0, 7, 2.5], "texture": "#16"},
				"east": {"uv": [0, 3.5, 5, 6], "rotation": 180, "texture": "#16"},
				"south": {"uv": [7, 0, 5, 2.5], "texture": "#16"},
				"west": {"uv": [0, 0, 5, 2.5], "texture": "#16"},
				"up": {"uv": [0, 5.5, 5, 7.5], "rotation": 90, "texture": "#16"},
				"down": {"uv": [0, 2, 5, 4], "rotation": 270, "texture": "#16"}
			}
		},
		{
			"from": [14.61313, 6, 12.83239],
			"to": [14.86313, 6.75, 12.83239],
			"rotation": {"angle": -22.5, "axis": "y", "origin": [12.75, 5.75, 10.5]},
			"faces": {
				"north": {"uv": [15.5, 0, 16, 1.5], "texture": "#16"},
				"south": {"uv": [15.5, 0, 16, 1.5], "texture": "#16"}
			}
		},
		{
			"from": [14.61313, 6, 10.58239],
			"to": [14.86313, 6.75, 10.58239],
			"rotation": {"angle": -22.5, "axis": "y", "origin": [12.75, 5.75, 10.5]},
			"faces": {
				"north": {"uv": [15.5, 0, 16, 1.5], "texture": "#16"},
				"south": {"uv": [15.5, 0, 16, 1.5], "texture": "#16"}
			}
		},
		{
			"from": [14.5, 7.025, 12.5],
			"to": [15.25, 7.775, 13.5],
			"rotation": {"angle": 0, "axis": "y", "origin": [14.875, 7.025, 12.75]},
			"faces": {
				"east": {"uv": [16, 13, 12, 16], "texture": "#8"},
				"south": {"uv": [13, 5, 16, 8], "texture": "#8"},
				"west": {"uv": [12, 13, 16, 16], "texture": "#8"},
				"up": {"uv": [12, 11, 16, 14], "rotation": 90, "texture": "#8"},
				"down": {"uv": [12, 8, 16, 11], "rotation": 90, "texture": "#8"}
			}
		},
		{
			"from": [14.5, 7.775, 12.5],
			"to": [15.25, 7.025, 13.5],
			"rotation": {"angle": 0, "axis": "y", "origin": [14.875, 7.025, 12.75]},
			"faces": {
				"east": {"uv": [16, 16, 12, 13], "texture": "#8"},
				"south": {"uv": [13, 8, 16, 5], "texture": "#8"},
				"west": {"uv": [12, 16, 16, 13], "texture": "#8"},
				"up": {"uv": [16, 8, 12, 11], "rotation": 90, "texture": "#8"},
				"down": {"uv": [16, 11, 12, 14], "rotation": 90, "texture": "#8"}
			}
		},
		{
			"from": [14.25, 7.4, 12.75],
			"to": [14.5, 7.4, 13.25],
			"rotation": {"angle": 0, "axis": "y", "origin": [14.875, 7.025, 12.75]},
			"faces": {
				"up": {"uv": [12, 6, 13, 8], "texture": "#8"},
				"down": {"uv": [12, 8, 13, 6], "texture": "#8"}
			}
		},
		{
			"from": [15.25, 0.75, 6.75],
			"to": [15.75, 2, 7.25],
			"rotation": {"angle": 0, "axis": "y", "origin": [13.5, 0, 5]},
			"faces": {
				"north": {"uv": [12, 0, 13, 2.5], "texture": "#17"},
				"east": {"uv": [13, 0, 12, 2.5], "texture": "#17"},
				"south": {"uv": [12, 0, 13, 2.5], "texture": "#17"},
				"west": {"uv": [13, 0, 12, 2.5], "texture": "#17"},
				"down": {"uv": [14, 0, 15, 1], "texture": "#17"}
			}
		},
		{
			"from": [15.25, 0, 5.625],
			"to": [15.75, 0.5, 6.125],
			"rotation": {"angle": 0, "axis": "y", "origin": [13.5, 0.5, 4.625]},
			"faces": {
				"north": {"uv": [14, 0, 15, 1], "texture": "#17"},
				"east": {"uv": [15, 0, 16, 1], "texture": "#17"},
				"south": {"uv": [14, 1, 15, 2], "texture": "#17"},
				"west": {"uv": [16, 0, 15, 1], "texture": "#17"},
				"down": {"uv": [15, 1, 16, 2], "texture": "#17"}
			}
		},
		{
			"from": [15.2525, -0.51537, 5.47276],
			"to": [15.7475, -0.26537, 6.72276],
			"rotation": {"angle": -22.5, "axis": "x", "origin": [13.5, 0.5, 3.625]},
			"faces": {
				"east": {"uv": [13.5, 0, 14, 2.5], "rotation": 90, "texture": "#17"},
				"west": {"uv": [13, 2.5, 13.5, 0], "rotation": 90, "texture": "#17"},
				"up": {"uv": [13, 0, 14, 2.5], "texture": "#17"},
				"down": {"uv": [13, 2.5, 14, 0], "texture": "#17"}
			}
		},
		{
			"from": [15.47276, 1.01537, 6.7525],
			"to": [16.72276, 1.26537, 7.2475],
			"rotation": {"angle": -22.5, "axis": "z", "origin": [14.875, 0.5, 5]},
			"faces": {
				"north": {"uv": [13, 2.5, 13.5, 0], "rotation": 90, "texture": "#17"},
				"south": {"uv": [13.5, 0, 14, 2.5], "rotation": 90, "texture": "#17"},
				"up": {"uv": [13, 0, 14, 2.5], "rotation": 90, "texture": "#17"},
				"down": {"uv": [13, 2.5, 14, 0], "rotation": 270, "texture": "#17"}
			}
		},
		{
			"from": [16.375, 0, 6.75],
			"to": [16.875, 0.5, 7.25],
			"rotation": {"angle": 0, "axis": "y", "origin": [13.875, 0.5, 5]},
			"faces": {
				"north": {"uv": [16, 0, 15, 1], "texture": "#17"},
				"east": {"uv": [14, 0, 15, 1], "texture": "#17"},
				"south": {"uv": [15, 0, 16, 1], "texture": "#17"},
				"west": {"uv": [14, 1, 15, 2], "texture": "#17"},
				"down": {"uv": [15, 1, 16, 2], "rotation": 270, "texture": "#17"}
			}
		},
		{
			"from": [15.25, 0, 7.875],
			"to": [15.75, 0.5, 8.375],
			"rotation": {"angle": 0, "axis": "y", "origin": [13.5, 0.5, 5.375]},
			"faces": {
				"north": {"uv": [14, 1, 15, 2], "texture": "#17"},
				"east": {"uv": [16, 0, 15, 1], "texture": "#17"},
				"south": {"uv": [14, 0, 15, 1], "texture": "#17"},
				"west": {"uv": [15, 0, 16, 1], "texture": "#17"},
				"down": {"uv": [15, 1, 16, 2], "rotation": 180, "texture": "#17"}
			}
		},
		{
			"from": [15.2525, 1.01537, 6.97276],
			"to": [15.7475, 1.26537, 8.22276],
			"rotation": {"angle": 22.5, "axis": "x", "origin": [13.5, 0.5, 6.375]},
			"faces": {
				"east": {"uv": [13, 2.5, 13.5, 0], "rotation": 90, "texture": "#17"},
				"west": {"uv": [13.5, 0, 14, 2.5], "rotation": 90, "texture": "#17"},
				"up": {"uv": [13, 0, 14, 2.5], "rotation": 180, "texture": "#17"},
				"down": {"uv": [13, 2.5, 14, 0], "rotation": 180, "texture": "#17"}
			}
		},
		{
			"from": [14.125, 0, 6.75],
			"to": [14.625, 0.5, 7.25],
			"rotation": {"angle": 0, "axis": "y", "origin": [13.125, 0.5, 5]},
			"faces": {
				"north": {"uv": [15, 0, 16, 1], "texture": "#17"},
				"east": {"uv": [14, 1, 15, 2], "texture": "#17"},
				"south": {"uv": [16, 0, 15, 1], "texture": "#17"},
				"west": {"uv": [14, 0, 15, 1], "texture": "#17"},
				"down": {"uv": [15, 1, 16, 2], "rotation": 90, "texture": "#17"}
			}
		},
		{
			"from": [13.97276, -0.51537, 6.7525],
			"to": [15.22276, -0.26537, 7.2475],
			"rotation": {"angle": 22.5, "axis": "z", "origin": [12.125, 0.5, 5]},
			"faces": {
				"north": {"uv": [13.5, 0, 14, 2.5], "rotation": 90, "texture": "#17"},
				"south": {"uv": [13, 2.5, 13.5, 0], "rotation": 90, "texture": "#17"},
				"up": {"uv": [13, 0, 14, 2.5], "rotation": 270, "texture": "#17"},
				"down": {"uv": [13, 2.5, 14, 0], "rotation": 90, "texture": "#17"}
			}
		},
		{
			"from": [14.5, 2, 6],
			"to": [16.5, 2.5, 8],
			"rotation": {"angle": 0, "axis": "y", "origin": [13.5, 0, 5]},
			"faces": {
				"north": {"uv": [8, 2, 12, 3], "texture": "#17"},
				"east": {"uv": [12, 1, 8, 2], "texture": "#17"},
				"south": {"uv": [8, 2, 12, 3], "texture": "#17"},
				"west": {"uv": [8, 1, 12, 2], "texture": "#17"},
				"up": {"uv": [0, 0, 4, 4], "texture": "#17"},
				"down": {"uv": [4, 0, 8, 4], "texture": "#17"}
			}
		},
		{
			"from": [14.875, 2.5, 6.25],
			"to": [16.125, 4.75, 7.75],
			"rotation": {"angle": 45, "axis": "y", "origin": [15.5, 3.625, 7]},
			"faces": {
				"north": {"uv": [13.5, 11.5, 16, 16], "texture": "#17"},
				"east": {"uv": [10.5, 11.5, 13.5, 16], "texture": "#17"},
				"south": {"uv": [8, 11.5, 10.5, 16], "texture": "#17"},
				"west": {"uv": [13.5, 11.5, 10.5, 16], "texture": "#17"},
				"up": {"uv": [13.5, 8.5, 16, 11.5], "texture": "#17"},
				"down": {"uv": [11, 8.5, 13.5, 11.5], "texture": "#17"}
			}
		},
		{
			"from": [14, 0.0025, 5.5],
			"to": [17, 0.0025, 8.5],
			"rotation": {"angle": 0, "axis": "y", "origin": [13.5, 0.0025, 5]},
			"faces": {
				"up": {"uv": [10, 14, 10.25, 14.25], "texture": "#0"}
			}
		}
	],
	"display": {
		"thirdperson_righthand": {
			"rotation": [75, 45, 0],
			"translation": [0, 2.5, 0],
			"scale": [0.1, 0.1, 0.1]
		},
		"thirdperson_lefthand": {
			"rotation": [75, 45, 0],
			"translation": [0, 2.5, 0],
			"scale": [0.1, 0.1, 0.1]
		},
		"firstperson_righthand": {
			"rotation": [0, 45, 0],
			"scale": [0.2, 0.2, 0.2]
		},
		"firstperson_lefthand": {
			"rotation": [0, 45, 0],
			"scale": [0.2, 0.2, 0.2]
		},
		"ground": {
			"scale": [0.1, 0.1, 0.1]
		},
		"gui": {
			"rotation": [20, 135, 0],
			"translation": [-1, 0, 0],
			"scale": [0.45, 0.45, 0.45]
		},
		"fixed": {
			"rotation": [-90, 0, 0],
			"translation": [0, 0, -32],
			"scale": [4, 4, 4]
		}
	},
	"groups": [
		{
			"name": "papers_pile",
			"origin": [30, 19, 30],
			"color": 0,
			"children": [0, 1, 2, 3, 4, 5, 6]
		},
		{
			"name": "stand",
			"origin": [0, 0, 0],
			"color": 0,
			"children": [
				{
					"name": "skeleton",
					"origin": [0, 0, 0],
					"color": 0,
					"children": [7, 8, 9, 10, 11, 12, 13, 14, 15, 16, 17, 18, 19, 20, 21, 22, 23, 24, 25, 26, 27, 28, 29, 30, 31, 32, 33, 34, 35, 36]
				},
				{
					"name": "skeleton2",
					"origin": [0, 0, 60],
					"color": 0,
					"children": [37, 38, 39, 40, 41, 42, 43, 44, 45, 46, 47, 48, 49, 50, 51, 52, 53, 54, 55, 56, 57, 58, 59, 60, 61, 62, 63, 64, 65, 66]
				},
				{
					"name": "roof",
					"origin": [0, 0, 0],
					"color": 0,
					"children": [67, 68, 69, 70, 71, 72, 73, 74, 75, 76, 77, 78, 79, 80, 81, 82, 83, 84, 85, 86, 87, 88, 89, 90, 91, 92, 93, 94, 95, 96]
				}
			]
		},
		{
			"name": "shelf",
			"origin": [-30, 0, -4],
			"color": 0,
			"children": [97, 98, 99, 100, 101, 102, 103, 104, 105]
		},
		{
			"name": "shelf2",
			"origin": [30, 0, 36],
			"color": 0,
			"children": [106, 107, 108, 109, 110, 111, 112, 113, 114]
		},
		{
			"name": "boombox",
			"origin": [-30, 15, 0],
			"rotation": [0, 22.5, 0],
			"color": 0,
			"children": [115, 116]
		},
		{
			"name": "tools",
			"origin": [-30, 5, -4],
			"color": 0,
			"children": [
				{
					"name": "screwdriver",
					"origin": [-29, 5, 1],
					"rotation": [0, -45, 0],
					"color": 0,
					"children": [117, 118]
				},
				{
					"name": "pliers",
					"origin": [-31, 5, -7],
					"rotation": [0, -22.5, 0],
					"color": 0,
					"children": [119, 120, 121]
				},
				{
					"name": "pliers2",
					"origin": [-31, 19, 4],
					"rotation": [0, 22.5, 0],
					"color": 0,
					"children": [122, 123, 124]
				},
				{
					"name": "screwdriver2",
					"origin": [-29, 5, -10],
					"rotation": [0, -22.5, 0],
					"color": 0,
					"children": [125, 126]
				},
				{
					"name": "screwdriver3",
					"origin": [-31, 12, -8],
					"rotation": [0, 45, 0],
					"color": 0,
					"children": [127, 128]
				},
				{
					"name": "screwdriver4",
					"origin": [-30, 19, 0],
					"rotation": [0, 22.5, 0],
					"color": 0,
					"children": [129, 130]
				},
				{
					"name": "stick",
					"origin": [-30, 12, -12],
					"color": 0,
					"children": [131]
				},
				{
					"name": "hammer",
					"origin": [-30, 19, -5],
					"rotation": [0, -22.5, 0],
					"color": 0,
					"children": [132, 133]
				},
				{
					"name": "magazine",
					"origin": [29, 12, 31],
					"rotation": [0, 22.5, 0],
					"color": 0,
					"children": [134, 135]
				}
			]
		},
		{
			"name": "tools2",
			"origin": [30, 5, 36],
			"color": 0,
			"children": [
				{
					"name": "screwdriver5",
					"origin": [33.5, 14, 40],
					"rotation": [0, -22.5, 0],
					"color": 0,
					"children": [136, 137]
				},
				{
					"name": "pliers3",
					"origin": [27, 14, 40],
					"rotation": [0, 22.5, 0],
					"color": 0,
					"children": [138, 139, 140]
				},
				{
					"name": "hammer2",
					"origin": [31.5, 14, 40.5],
					"color": 0,
					"children": [141, 142]
				}
			]
		},
		{
			"name": "microcircuits",
			"origin": [30, 5, 36],
			"color": 0,
			"children": [143, 144, 145, 146, 147, 148, 149, 150, 151, 152]
		},
		{
			"name": "chair",
			"origin": [-28, 0, 14],
			"color": 0,
			"children": [153, 154, 155, 156, 157, 158, 159, 160, 161, 162, 163]
		},
		{
			"name": "chair2",
			"origin": [-30, 0, 30],
			"rotation": [0, 22.5, 0],
			"color": 0,
			"children": [164, 165, 166, 167, 168, 169, 170, 171, 172, 173, 174]
		},
		{
			"name": "extinguisher",
			"origin": [-34, 0, 21],
			"rotation": [0, 22.5, 0],
			"color": 0,
			"children": [175, 176, 177, 178, 179, 180]
		},
		{
			"name": "cardiograph",
			"origin": [-28, 12, 28.5],
			"rotation": [0, 45, 0],
			"color": 0,
			"children": [181]
		},
		{
			"name": "ashtray",
			"origin": [-30, 16.5, 27.5],
			"rotation": [0, 22.5, 0],
			"color": 0,
			"children": [182, 183, 184, 185]
		},
		{
			"name": "matchbox",
			"origin": [-25, 16.5, 30],
			"color": 0,
			"children": [186]
		},
		{
			"name": "stereo",
			"origin": [29, 0, 14],
			"color": 0,
			"children": [187, 188, 189, 190]
		},
		{
			"name": "speaker",
			"origin": [30, 17, 11],
			"rotation": [0, -22.5, 0],
			"color": 0,
			"children": [191]
		},
		{
			"name": "speaker2",
			"origin": [29, 20, 14],
			"color": 0,
			"children": [192]
		},
		{
			"name": "video_recorder",
			"origin": [27, 23, 18],
			"rotation": [0, -22.5, 0],
			"color": 0,
			"children": [193, 194, 195]
		},
		{
			"name": "mag",
			"origin": [27.5, 28.1, 19],
			"color": 0,
			"children": [196, 197, 198]
		},
		{
			"name": "bass",
			"origin": [29.61732, 0, -4.92388],
			"rotation": [0, 22.5, 0],
			"color": 0,
			"children": [199, 200, 201, 202, 203, 204, 205, 206, 207, 208, 209, 210]
		}
	]
}