{
	"credit": "Made by Falanta Fantomo with Blockbench",
	"textures": {
		"main": "buckshot:item/world/table/table_solid"
	},
	"elements": [
		{
			"from": [-10, 13, -12],
			"to": [26, 16, 28],
			"rotation": {"angle": 0, "axis": "y", "origin": [8, 0, 8]},
			"faces": {
				"north": {"uv": [9.5, 0, 10.25, 9], "rotation": 90, "texture": "#main"},
				"east": {"uv": [11, 0, 11.75, 10], "rotation": 90, "texture": "#main"},
				"south": {"uv": [9.5, 0, 10.25, 9], "rotation": 90, "texture": "#main"},
				"west": {"uv": [10.25, 0, 11, 10], "rotation": 90, "texture": "#main"},
				"down": {"uv": [6.5, 14.5, 6.75, 14.75], "texture": "#main"}
			}
		},
		{
			"from": [-9, 8, -11],
			"to": [25, 13, 27],
			"rotation": {"angle": 0, "axis": "y", "origin": [8, 0, 8]},
			"faces": {
				"north": {"uv": [14.75, 7.5, 16, 16], "rotation": 90, "texture": "#main"},
				"east": {"uv": [13.5, 6.5, 14.75, 16], "rotation": 90, "texture": "#main"},
				"south": {"uv": [14.75, 7.5, 16, 16], "rotation": 90, "texture": "#main"},
				"west": {"uv": [13.5, 6.5, 14.75, 16], "rotation": 90, "texture": "#main"},
				"down": {"uv": [6.5, 14.5, 6.75, 14.75], "texture": "#main"}
			}
		},
		{
			"from": [-7.5, 0, -9.5],
			"to": [23.5, 8, 25.5],
			"rotation": {"angle": 0, "axis": "y", "origin": [8, 0, 8]},
			"faces": {
				"north": {"uv": [6.5, 14.5, 6.75, 14.75], "texture": "#main"},
				"east": {"uv": [6.5, 14.5, 6.75, 14.75], "texture": "#main"},
				"south": {"uv": [6.5, 14.5, 6.75, 14.75], "texture": "#main"},
				"west": {"uv": [6.5, 14.5, 6.75, 14.75], "texture": "#main"}
			}
		},
		{
			"from": [21.5, 0, -11.5],
			"to": [25.5, 13, -7.5],
			"rotation": {"angle": 0, "axis": "y", "origin": [8, 0, 8]},
			"faces": {
				"north": {"uv": [11.75, 0, 12.75, 3.25], "texture": "#main"},
				"east": {"uv": [12.75, 0, 11.75, 3.25], "texture": "#main"},
				"south": {"uv": [12.75, 3.25, 11.75, 6.5], "texture": "#main"},
				"west": {"uv": [11.75, 3.25, 12.75, 6.5], "texture": "#main"},
				"down": {"uv": [11.75, 6.5, 12.75, 7.5], "texture": "#main"}
			}
		},
		{
			"from": [-9.5, 0, -11.5],
			"to": [-5.5, 13, -7.5],
			"rotation": {"angle": 0, "axis": "y", "origin": [8, 0, 8]},
			"faces": {
				"north": {"uv": [12.75, 0, 11.75, 3.25], "texture": "#main"},
				"east": {"uv": [12.75, 3.25, 11.75, 6.5], "texture": "#main"},
				"south": {"uv": [11.75, 3.25, 12.75, 6.5], "texture": "#main"},
				"west": {"uv": [11.75, 0, 12.75, 3.25], "texture": "#main"},
				"down": {"uv": [12.75, 6.5, 11.75, 7.5], "texture": "#main"}
			}
		},
		{
			"from": [21.5, 0, 23.5],
			"to": [25.5, 13, 27.5],
			"rotation": {"angle": 0, "axis": "y", "origin": [8, 0, 8]},
			"faces": {
				"north": {"uv": [11.75, 3.25, 12.75, 6.5], "texture": "#main"},
				"east": {"uv": [11.75, 0, 12.75, 3.25], "texture": "#main"},
				"south": {"uv": [12.75, 0, 11.75, 3.25], "texture": "#main"},
				"west": {"uv": [12.75, 3.25, 11.75, 6.5], "texture": "#main"},
				"down": {"uv": [11.75, 7.5, 12.75, 6.5], "texture": "#main"}
			}
		},
		{
			"from": [-9.5, 0, 23.5],
			"to": [-5.5, 13, 27.5],
			"rotation": {"angle": 0, "axis": "y", "origin": [8, 0, 8]},
			"faces": {
				"north": {"uv": [12.75, 3.25, 11.75, 6.5], "texture": "#main"},
				"east": {"uv": [11.75, 3.25, 12.75, 6.5], "texture": "#main"},
				"south": {"uv": [11.75, 0, 12.75, 3.25], "texture": "#main"},
				"west": {"uv": [12.75, 0, 11.75, 3.25], "texture": "#main"},
				"down": {"uv": [12.75, 7.5, 11.75, 6.5], "texture": "#main"}
			}
		},
		{
			"from": [-8, 16, -10],
			"to": [24, 15, 26],
			"rotation": {"angle": 0, "axis": "y", "origin": [8, 0, 8]},
			"faces": {
				"north": {"uv": [9.25, 8.5, 9.5, 0.5], "rotation": 90, "texture": "#main"},
				"east": {"uv": [8, 0, 8.25, 9], "rotation": 90, "texture": "#main"},
				"south": {"uv": [9.25, 8.5, 9.5, 0.5], "rotation": 90, "texture": "#main"},
				"west": {"uv": [8.75, 9, 9, 0], "rotation": 90, "texture": "#main"}
			}
		},
		{
			"from": [-8, 15, -10.5],
			"to": [24, 15, 26.5],
			"rotation": {"angle": 0, "axis": "y", "origin": [8, 0, 8]},
			"faces": {
				"north": {"uv": [0, 0, 4, 0], "texture": "#missing"},
				"east": {"uv": [0, 0, 4, 0], "texture": "#missing"},
				"south": {"uv": [0, 0, 4, 0], "texture": "#missing"},
				"west": {"uv": [0, 0, 4, 0], "texture": "#missing"},
				"up": {"uv": [0, 0, 8, 9.25], "rotation": 180, "texture": "#main"}
			}
		},
		{
			"from": [-9, 8, -11],
			"to": [25, 13, 27],
			"rotation": {"angle": 0, "axis": "y", "origin": [8, 0, 8]},
			"faces": {
				"north": {"uv": [14.75, 7.5, 16, 16], "rotation": 90, "texture": "#main"},
				"east": {"uv": [13.5, 6.5, 14.75, 16], "rotation": 90, "texture": "#main"},
				"south": {"uv": [14.75, 7.5, 16, 16], "rotation": 90, "texture": "#main"},
				"west": {"uv": [13.5, 6.5, 14.75, 16], "rotation": 90, "texture": "#main"},
				"down": {"uv": [6.5, 14.5, 6.75, 14.75], "texture": "#main"}
			}
		},
		{
			"from": [-9, 16, 4],
			"to": [-8, 18, 12],
			"rotation": {"angle": 0, "axis": "y", "origin": [8, 0, 8]},
			"faces": {
				"north": {"uv": [15.75, 0, 16, 0.5], "rotation": 180, "texture": "#main"},
				"south": {"uv": [14, 0, 14.25, 0.5], "rotation": 180, "texture": "#main"},
				"west": {"uv": [14, 0, 16, 0.5], "rotation": 180, "texture": "#main"},
				"up": {"uv": [16, 0.25, 14, 0.5], "rotation": 90, "texture": "#main"}
			}
		},
		{
			"from": [-8, 16, 4],
			"to": [-7.825, 18, 12],
			"rotation": {"angle": 0, "axis": "y", "origin": [8, 0, 8]},
			"faces": {
				"north": {"uv": [13.75, 0, 14, 0.5], "rotation": 180, "texture": "#main"},
				"south": {"uv": [13.75, 0, 14, 0.5], "rotation": 180, "texture": "#main"},
				"up": {"uv": [16, 0.25, 14, 0.5], "rotation": 90, "texture": "#main"}
			}
		},
		{
			"from": [-8, 16, 4.01],
			"to": [-7, 18.165, 11.99],
			"rotation": {"angle": 22.5, "axis": "z", "origin": [-7, 16, 8]},
			"faces": {
				"north": {"uv": [15.75, 0.5, 16, 1], "texture": "#main"},
				"east": {"uv": [14, 0.5, 16, 1], "texture": "#main"},
				"south": {"uv": [14, 0.5, 14.25, 1], "texture": "#main"}
			}
		},
		{
			"from": [-7, 16, 5.01],
			"to": [-8, 18.165, 10.99],
			"rotation": {"angle": 22.5, "axis": "z", "origin": [-7, 16, 8]},
			"faces": {
				"north": {"uv": [14.25, 2, 14.5, 2.25], "texture": "#main"},
				"south": {"uv": [14.25, 2, 14.5, 2.25], "texture": "#main"}
			}
		},
		{
			"from": [-8, 15, 4],
			"to": [-7, 16, 12],
			"rotation": {"angle": 0, "axis": "y", "origin": [8, 0, 8]},
			"faces": {
				"north": {"uv": [15.75, 1, 16, 1.25], "texture": "#main"},
				"east": {"uv": [14, 1, 16, 1.25], "texture": "#main"},
				"south": {"uv": [14, 1, 14.25, 1.25], "texture": "#main"}
			}
		},
		{
			"from": [-7.99, 18, 5],
			"to": [-7, 15.01, 11],
			"rotation": {"angle": 0, "axis": "y", "origin": [8, 0, 8]},
			"faces": {
				"north": {"uv": [14.25, 2, 14.5, 2.75], "texture": "#main"},
				"south": {"uv": [14.25, 2, 14.5, 2.75], "texture": "#main"},
				"west": {"uv": [14.5, 2.75, 16, 2], "texture": "#main"},
				"up": {"uv": [14.25, 2, 14.5, 2.25], "texture": "#main"}
			}
		},
		{
			"from": [-9, 18, 4],
			"to": [-8, 19, 5],
			"rotation": {"angle": 0, "axis": "y", "origin": [-7, 16, 8]},
			"faces": {
				"north": {"uv": [13.75, 1, 14, 1.25], "texture": "#main"},
				"east": {"uv": [13.75, 1, 14, 1.25], "texture": "#main"},
				"south": {"uv": [13.75, 1, 14, 1.25], "texture": "#main"},
				"west": {"uv": [13.75, 1, 14, 1.25], "texture": "#main"},
				"up": {"uv": [13.75, 1, 14, 1.25], "texture": "#main"}
			}
		},
		{
			"from": [-9, 18, 6],
			"to": [-8, 19, 7],
			"rotation": {"angle": 0, "axis": "y", "origin": [-7, 16, 8]},
			"faces": {
				"north": {"uv": [13.75, 1.25, 14, 1.5], "texture": "#main"},
				"east": {"uv": [13.75, 1.25, 14, 1.5], "texture": "#main"},
				"south": {"uv": [13.75, 1.25, 14, 1.5], "texture": "#main"},
				"west": {"uv": [13.75, 1.25, 14, 1.5], "texture": "#main"},
				"up": {"uv": [13.75, 1.25, 14, 1.5], "texture": "#main"}
			}
		},
		{
			"from": [-9, 18, 11],
			"to": [-8, 19, 12],
			"rotation": {"angle": 0, "axis": "y", "origin": [-7, 16, 8]},
			"faces": {
				"north": {"uv": [14, 1, 13.75, 1.25], "texture": "#main"},
				"east": {"uv": [14, 1, 13.75, 1.25], "texture": "#main"},
				"south": {"uv": [14, 1, 13.75, 1.25], "texture": "#main"},
				"west": {"uv": [14, 1, 13.75, 1.25], "texture": "#main"},
				"up": {"uv": [13.75, 1.25, 14, 1], "texture": "#main"}
			}
		},
		{
			"from": [-9, 18, 9],
			"to": [-8, 19, 10],
			"rotation": {"angle": 0, "axis": "y", "origin": [-7, 16, 8]},
			"faces": {
				"north": {"uv": [14, 1.25, 13.75, 1.5], "texture": "#main"},
				"east": {"uv": [14, 1.25, 13.75, 1.5], "texture": "#main"},
				"south": {"uv": [14, 1.25, 13.75, 1.5], "texture": "#main"},
				"west": {"uv": [14, 1.25, 13.75, 1.5], "texture": "#main"},
				"up": {"uv": [13.75, 1.5, 14, 1.25], "texture": "#main"}
			}
		},
		{
			"from": [-11, 17, 4.5],
			"to": [-8, 20, 4.5],
			"rotation": {"angle": 0, "axis": "y", "origin": [-7, 16, 8]},
			"faces": {
				"north": {"uv": [12.75, 0.75, 13.5, 1.5], "texture": "#main"},
				"south": {"uv": [13.5, 0.75, 12.75, 1.5], "texture": "#main"}
			}
		},
		{
			"from": [-11, 17, 6.5],
			"to": [-8, 20, 6.5],
			"rotation": {"angle": 0, "axis": "y", "origin": [-7, 16, 8]},
			"faces": {
				"north": {"uv": [12.75, 0.75, 13.5, 1.5], "texture": "#main"},
				"south": {"uv": [13.5, 0.75, 12.75, 1.5], "texture": "#main"}
			}
		},
		{
			"from": [-11, 17, 9.5],
			"to": [-8, 20, 9.5],
			"rotation": {"angle": 0, "axis": "y", "origin": [-7, 16, 8]},
			"faces": {
				"north": {"uv": [12.75, 0.75, 13.5, 1.5], "texture": "#main"},
				"south": {"uv": [13.5, 0.75, 12.75, 1.5], "texture": "#main"}
			}
		},
		{
			"from": [-11, 17, 11.5],
			"to": [-8, 20, 11.5],
			"rotation": {"angle": 0, "axis": "y", "origin": [-7, 16, 8]},
			"faces": {
				"north": {"uv": [12.75, 0.75, 13.5, 1.5], "texture": "#main"},
				"south": {"uv": [13.5, 0.75, 12.75, 1.5], "texture": "#main"}
			}
		},
		{
			"from": [24, 16, -10],
			"to": [26, 16, 26],
			"rotation": {"angle": 0, "axis": "y", "origin": [8, 0, 8]},
			"faces": {
				"up": {"uv": [8, 0, 8.5, 9], "texture": "#main"}
			}
		},
		{
			"from": [-10, 16, -10],
			"to": [-8, 16, 26],
			"rotation": {"angle": 0, "axis": "y", "origin": [8, 0, 8]},
			"faces": {
				"up": {"uv": [8.5, 0, 9, 9], "texture": "#main"}
			}
		},
		{
			"from": [-10, 16, -12],
			"to": [26, 16, -10],
			"rotation": {"angle": 0, "axis": "y", "origin": [8, 0, 8]},
			"faces": {
				"up": {"uv": [9, 0, 9.5, 9], "rotation": 90, "texture": "#main"}
			}
		},
		{
			"from": [-10, 16, 26],
			"to": [26, 16, 28],
			"rotation": {"angle": 0, "axis": "y", "origin": [8, 0, 8]},
			"faces": {
				"up": {"uv": [9, 0, 9.5, 9], "rotation": 270, "texture": "#main"}
			}
		},
		{
			"from": [12, 15, -9.5],
			"to": [20, 18, -9.5],
			"rotation": {"angle": 0, "axis": "y", "origin": [8, 0, 8]},
			"faces": {
				"north": {"uv": [16, 1.25, 14, 2], "texture": "#main"},
				"south": {"uv": [14, 1.25, 16, 2], "texture": "#main"}
			}
		}
	],
	"display": {
		"thirdperson_righthand": {
			"rotation": [75, 45, 0],
			"translation": [0, 2.5, 0],
			"scale": [0.1, 0.1, 0.1]
		},
		"thirdperson_lefthand": {
			"rotation": [75, 45, 0],
			"translation": [0, 2.5, 0],
			"scale": [0.1, 0.1, 0.1]
		},
		"firstperson_righthand": {
			"rotation": [0, 45, 0],
			"scale": [0.2, 0.2, 0.2]
		},
		"firstperson_lefthand": {
			"rotation": [0, 45, 0],
			"scale": [0.2, 0.2, 0.2]
		},
		"ground": {
			"scale": [0.1, 0.1, 0.1]
		},
		"gui": {
			"rotation": [20, 135, 0],
			"translation": [0, -1, 0],
			"scale": [0.25, 0.25, 0.25]
		},
		"fixed": {
			"rotation": [-90, 0, 0],
			"translation": [0, 0, -16],
			"scale": [2, 2, 2]
		}
	},
	"groups": [
		{
			"name": "table",
			"origin": [0, 0, 0],
			"color": 0,
			"children": [
				0,
				1,
				2,
				3,
				4,
				5,
				6,
				7,
				8,
				9,
				{
					"name": "screen",
					"origin": [-15, 16, 0],
					"color": 0,
					"children": [10, 11, 12, 13, 14, 15, 16, 17, 18, 19, 20, 21, 22, 23]
				},
				24,
				25,
				26,
				27,
				28
			]
		}
	]
}