{
	"credit": "Made by Falanta Fantomo with Blockbench",
	"textures": {
		"0": "buckshot:item/item/burner_phone/burner_phone",
		"particle": "buckshot:item/item/burner_phone/burner_phone"
	},
	"elements": [
		{
			"from": [6.5, 7, 5.5],
			"to": [9.5, 8, 10.5],
			"rotation": {"angle": 0, "axis": "y", "origin": [8, 7.5, 8]},
			"faces": {
				"north": {"uv": [3, 0, 6, 1], "texture": "#0"},
				"east": {"uv": [3, 5, 4, 0], "rotation": 270, "texture": "#0"},
				"south": {"uv": [3, 4, 6, 5], "texture": "#0"},
				"west": {"uv": [5, 0, 6, 5], "rotation": 270, "texture": "#0"},
				"up": {"uv": [0, 0, 3, 5], "texture": "#0"},
				"down": {"uv": [3, 0, 6, 5], "rotation": 180, "texture": "#0"}
			}
		},
		{
			"from": [6.5, 8, 10.5],
			"to": [9.5, 13, 11.5],
			"rotation": {"angle": 22.5, "axis": "x", "origin": [8, 8, 10.5]},
			"faces": {
				"north": {"uv": [0, 5, 3, 10], "rotation": 180, "texture": "#0"},
				"east": {"uv": [3, 10, 4, 5], "texture": "#0"},
				"south": {"uv": [3, 5, 6, 10], "rotation": 180, "texture": "#0"},
				"west": {"uv": [5, 5, 6, 10], "rotation": 180, "texture": "#0"},
				"up": {"uv": [3, 9, 6, 10], "texture": "#0"},
				"down": {"uv": [3, 5, 6, 6], "rotation": 180, "texture": "#0"}
			}
		}
	],
	"gui_light": "front",
	"display": {
		"thirdperson_righthand": {
			"rotation": [30, 180, 0],
			"translation": [0, 0.5, -0.5]
		},
		"thirdperson_lefthand": {
			"rotation": [30, 180, 0],
			"translation": [0, 0.5, -0.5]
		},
		"firstperson_righthand": {
			"rotation": [25, 160, 0],
			"translation": [0, 1.5, -1]
		},
		"firstperson_lefthand": {
			"rotation": [25, 160, 0],
			"translation": [0, 1.5, -1]
		},
		"ground": {
			"scale": [0.25, 0.25, 0.25]
		},
		"gui": {
			"rotation": [70, 135, 0],
			"scale": [2.5, 2.5, 2.5]
		},
		"head": {
			"scale": [1.6, 1.6, 1.6]
		},
		"fixed": {
			"rotation": [-90, 0, 0],
			"scale": [2, 2, 2]
		}
	},
	"groups": [
		0,
		{
			"name": "lid",
			"origin": [0, 8, 8],
			"color": 0,
			"children": [1]
		}
	]
}