{
    "targets": [
        "water",
        "translucent",
        "itemEntity",
        "particles",
        "clouds",
        "weather",
        "swap",
        "emissive",
        "final",
        "a", "b", "c", "d", "e", "f", "g",
        "f1", "e1", "d1", "c1", "b1", "a1", "bloom"
    ],
    "passes": [
        {
            "name": "transparency",
            "intarget": "minecraft:main",
            "outtarget": "final",
            "auxtargets": [
                {
                    "name": "DiffuseDepthSampler",
                    "id": "minecraft:main:depth"
                },
                {
                    "name": "TranslucentSampler",
                    "id": "translucent"
                },
                {
                    "name": "TranslucentDepthSampler",
                    "id": "translucent:depth"
                },
                {
                    "name": "ItemEntitySampler",
                    "id": "itemEntity"
                },
                {
                    "name": "ItemEntityDepthSampler",
                    "id": "itemEntity:depth"
                },
                {
                    "name": "ParticlesSampler",
                    "id": "particles"
                },
                {
                    "name": "ParticlesDepthSampler",
                    "id": "particles:depth"
                },
                {
                    "name": "CloudsSampler",
                    "id": "clouds"
                },
                {
                    "name": "CloudsDepthSampler",
                    "id": "clouds:depth"
                },
                {
                    "name": "WeatherSampler",
                    "id": "weather"
                },
                {
                    "name": "WeatherDepthSampler",
                    "id": "weather:depth"
                }
            ]
        },
        {
            "name": "emissive_pixels",
            "intarget": "minecraft:main",
            "outtarget": "emissive"
        },
        {
            "name": "downsample",
            "intarget": "emissive",
            "outtarget": "a",
            "uniforms": [
                {
                    "name": "Iteration",
                    "values": [ 1.0 ]
                }
            ]
        },
        {
            "name": "downsample",
            "intarget": "a",
            "outtarget": "b",
            "uniforms": [
                {
                    "name": "Iteration",
                    "values": [ 2.0 ]
                }
            ]
        },
        {
            "name": "downsample",
            "intarget": "b",
            "outtarget": "c",
            "uniforms": [
                {
                    "name": "Iteration",
                    "values": [ 3.0 ]
                }
            ]
        },
        {
            "name": "downsample",
            "intarget": "c",
            "outtarget": "d",
            "uniforms": [
                {
                    "name": "Iteration",
                    "values": [ 4.0 ]
                }
            ]
        },
        {
            "name": "downsample",
            "intarget": "d",
            "outtarget": "e",
            "uniforms": [
                {
                    "name": "Iteration",
                    "values": [ 5.0 ]
                }
            ]
        },
        {
            "name": "downsample",
            "intarget": "e",
            "outtarget": "f",
            "uniforms": [
                {
                    "name": "Iteration",
                    "values": [ 6.0 ]
                }
            ]
        },
        {
            "name": "downsample",
            "intarget": "f",
            "outtarget": "g",
            "uniforms": [
                {
                    "name": "Iteration",
                    "values": [ 7.0 ]
                }
            ]
        },
        {
            "name": "upsample",
            "intarget": "g",
            "outtarget": "f1",
            "uniforms": [
                {
                    "name": "Iteration",
                    "values": [ 7.0 ]
                }
            ],
            "auxtargets": [
                {
                    "name": "DownsampledSampler",
                    "id": "f"
                }
            ]
        },
        {
            "name": "upsample",
            "intarget": "f1",
            "outtarget": "e1",
            "uniforms": [
                {
                    "name": "Iteration",
                    "values": [ 6.0 ]
                }
            ],
            "auxtargets": [
                {
                    "name": "DownsampledSampler",
                    "id": "e"
                }
            ]
        },
        {
            "name": "upsample",
            "intarget": "e1",
            "outtarget": "d1",
            "uniforms": [
                {
                    "name": "Iteration",
                    "values": [ 5.0 ]
                }
            ],
            "auxtargets": [
                {
                    "name": "DownsampledSampler",
                    "id": "d"
                }
            ]
        },
        {
            "name": "upsample",
            "intarget": "d1",
            "outtarget": "c1",
            "uniforms": [
                {
                    "name": "Iteration",
                    "values": [ 4.0 ]
                }
            ],
            "auxtargets": [
                {
                    "name": "DownsampledSampler",
                    "id": "c"
                }
            ]
        },
        {
            "name": "upsample",
            "intarget": "c1",
            "outtarget": "b1",
            "uniforms": [
                {
                    "name": "Iteration",
                    "values": [ 3.0 ]
                }
            ],
            "auxtargets": [
                {
                    "name": "DownsampledSampler",
                    "id": "b"
                }
            ]
        },
        {
            "name": "upsample",
            "intarget": "b1",
            "outtarget": "a1",
            "uniforms": [
                {
                    "name": "Iteration",
                    "values": [ 2.0 ]
                }
            ],
            "auxtargets": [
                {
                    "name": "DownsampledSampler",
                    "id": "a"
                }
            ]
        },
        {
            "name": "upsample",
            "intarget": "a1",
            "outtarget": "bloom",
            "uniforms": [
                {
                    "name": "Iteration",
                    "values": [ 1.0 ]
                }
            ],
            "auxtargets": [
                {
                    "name": "DownsampledSampler",
                    "id": "emissive"
                }
            ]
        },
        {
            "name": "mix_bloom",
            "intarget": "final",
            "outtarget": "minecraft:main",
            "auxtargets": [
                {
                    "name": "BloomSampler",
                    "id": "bloom"
                },
                {
                    "name": "EmissiveSampler",
                    "id": "emissive"
                }
            ]
        }
    ]
}