{
	"credit": "Made by Falanta Fantomo with Blockbench",
	"texture_size": [8, 8],
	"textures": {
		"0": "buckshot:item/item/magnifying_glass/magnifying_glass",
		"particle": "buckshot:item/item/magnifying_glass/magnifying_glass"
	},
	"elements": [
		{
			"from": [7.5, 7.5, 4.5],
			"to": [8.5, 8.5, 8.5],
			"rotation": {"angle": 0, "axis": "y", "origin": [8, 8, 8]},
			"faces": {
				"north": {"uv": [0, 0, 2, 2], "texture": "#0"},
				"east": {"uv": [0, 0, 2, 8], "rotation": 90, "texture": "#0"},
				"west": {"uv": [0, 8, 2, 0], "rotation": 90, "texture": "#0"},
				"up": {"uv": [0, 0, 2, 8], "texture": "#0"},
				"down": {"uv": [0, 8, 2, 0], "texture": "#0"}
			}
		},
		{
			"from": [6.5, 7.5, 8.5],
			"to": [9.5, 8.5, 11.5],
			"rotation": {"angle": 0, "axis": "y", "origin": [8, 8, 8]},
			"faces": {
				"north": {"uv": [14, 0, 8, 2], "texture": "#0"},
				"east": {"uv": [12, 0, 14, 6], "rotation": 90, "texture": "#0"},
				"south": {"uv": [8, 4, 14, 6], "texture": "#0"},
				"west": {"uv": [8, 6, 10, 0], "rotation": 90, "texture": "#0"}
			}
		},
		{
			"from": [6.5, 8.5, 8.5],
			"to": [9.5, 7.5, 11.5],
			"rotation": {"angle": 0, "axis": "y", "origin": [8, 8, 8]},
			"faces": {
				"north": {"uv": [14, 0, 8, 2], "texture": "#0"},
				"east": {"uv": [12, 0, 14, 6], "rotation": 90, "texture": "#0"},
				"south": {"uv": [8, 4, 14, 6], "texture": "#0"},
				"west": {"uv": [8, 6, 10, 0], "rotation": 90, "texture": "#0"}
			}
		},
		{
			"from": [6.5, 8, 8.5],
			"to": [9.5, 8, 11.5],
			"rotation": {"angle": 0, "axis": "y", "origin": [8, 8, 8]},
			"faces": {
				"up": {"uv": [2, 0, 8, 6], "texture": "#0"},
				"down": {"uv": [2, 6, 8, 0], "texture": "#0"}
			}
		}
	],
	"gui_light": "front",
	"display": {
		"thirdperson_righthand": {
			"rotation": [-90, 0, -90],
			"translation": [0, 1.5, 2]
		},
		"thirdperson_lefthand": {
			"rotation": [-90, 0, -90],
			"translation": [0, 1.5, 2]
		},
		"firstperson_righthand": {
			"rotation": [-90, 0, 90],
			"translation": [0, 1, 0]
		},
		"firstperson_lefthand": {
			"rotation": [-90, 0, 90],
			"translation": [0, 1, 0]
		},
		"ground": {
			"scale": [0.5, 0.5, 0.5]
		},
		"gui": {
			"rotation": [70, 135, 0],
			"translation": [-0.5, -0.5, 0],
			"scale": [2, 2, 2]
		},
		"head": {
			"rotation": [-90, 0, 0],
			"translation": [4, 0.75, -7.25],
			"scale": [1.6, 1.6, 1.6]
		},
		"fixed": {
			"rotation": [-90, 0, 0],
			"scale": [2, 2, 2]
		}
	},
	"groups": [
		{
			"name": "magnifying_glass",
			"origin": [-6.5, 15.5, -6.5],
			"rotation": [0, -22.5, 0],
			"color": 0,
			"children": [0, 1, 2, 3]
		}
	]
}