{
    "providers": [
        {
            "type": "reference",
            "id": "minecraft:include/space"
        },
        {
            "type": "bitmap",
            "file": "red_leaves:font/cat.png",
            "ascent": 60,
            "height": 128,
            "chars": [
                "\u0041"
            ]
        },
        {
            "type": "bitmap",
            "file": "red_leaves:font/anim/artur/01.png",
            "ascent": 60,
            "height": 128,
            "chars": [
                "\u0001"
            ]
        },
        {
            "type": "bitmap",
            "file": "red_leaves:font/anim/artur/02.png",
            "ascent": 60,
            "height": 128,
            "chars": [
                "\u0002"
            ]
        },
        {
            "type": "bitmap",
            "file": "red_leaves:font/anim/artur/03.png",
            "ascent": 60,
            "height": 128,
            "chars": [
                "\u0003"
            ]
        },
        {
            "type": "bitmap",
            "file": "red_leaves:font/anim/artur/04.png",
            "ascent": 60,
            "height": 128,
            "chars": [
                "\u0004"
            ]
        },
        {
            "type": "bitmap",
            "file": "red_leaves:font/anim/artur/05.png",
            "ascent": 60,
            "height": 128,
            "chars": [
                "\u0005"
            ]
        },
        {
            "type": "bitmap",
            "file": "red_leaves:font/anim/artur/06.png",
            "ascent": 60,
            "height": 128,
            "chars": [
                "\u0006"
            ]
        },
        {
            "type": "bitmap",
            "file": "red_leaves:font/anim/artur/07.png",
            "ascent": 60,
            "height": 128,
            "chars": [
                "\u0007"
            ]
        },
        {
            "type": "bitmap",
            "file": "red_leaves:font/anim/artur/08.png",
            "ascent": 60,
            "height": 128,
            "chars": [
                "\u0008"
            ]
        },
        {
            "type": "bitmap",
            "file": "red_leaves:font/anim/artur/09.png",
            "ascent": 60,
            "height": 128,
            "chars": [
                "\u0009"
            ]
        },
        {
            "type": "bitmap",
            "file": "red_leaves:font/anim/artur/10.png",
            "ascent": 60,
            "height": 128,
            "chars": [
                "\u0010"
            ]
        },
        {
            "type": "bitmap",
            "file": "red_leaves:font/anim/artur/11.png",
            "ascent": 60,
            "height": 128,
            "chars": [
                "\u0011"
            ]
        },
        {
            "type": "bitmap",
            "file": "red_leaves:font/anim/artur/12.png",
            "ascent": 60,
            "height": 128,
            "chars": [
                "\u0012"
            ]
        },
        {
            "type": "bitmap",
            "file": "red_leaves:font/anim/artur/13.png",
            "ascent": 60,
            "height": 128,
            "chars": [
                "\u0013"
            ]
        },
        {
            "type": "bitmap",
            "file": "red_leaves:font/anim/artur/14.png",
            "ascent": 60,
            "height": 128,
            "chars": [
                "\u0014"
            ]
        },
        {
            "type": "bitmap",
            "file": "red_leaves:font/anim/artur/15.png",
            "ascent": 60,
            "height": 128,
            "chars": [
                "\u0015"
            ]
        },
        {
            "type": "bitmap",
            "file": "red_leaves:font/anim/artur/16.png",
            "ascent": 60,
            "height": 128,
            "chars": [
                "\u0016"
            ]
        },
        {
            "type": "bitmap",
            "file": "red_leaves:font/anim/artur/17.png",
            "ascent": 60,
            "height": 128,
            "chars": [
                "\u0017"
            ]
        },
        {
            "type": "bitmap",
            "file": "red_leaves:font/anim/artur/18.png",
            "ascent": 60,
            "height": 128,
            "chars": [
                "\u0018"
            ]
        },
        {
            "type": "bitmap",
            "file": "red_leaves:font/anim/artur/19.png",
            "ascent": 60,
            "height": 128,
            "chars": [
                "\u0019"
            ]
        },
        {
            "type": "bitmap",
            "file": "red_leaves:font/anim/artur/20.png",
            "ascent": 60,
            "height": 128,
            "chars": [
                "\u0120"
            ]
        },
        {
            "type": "bitmap",
            "file": "red_leaves:font/anim/artur/21.png",
            "ascent": 60,
            "height": 128,
            "chars": [
                "\u0021"
            ]
        },
        {
            "type": "bitmap",
            "file": "red_leaves:font/anim/artur/22.png",
            "ascent": 60,
            "height": 128,
            "chars": [
                "\u0022"
            ]
        },
        {
            "type": "bitmap",
            "file": "red_leaves:font/anim/artur/23.png",
            "ascent": 60,
            "height": 128,
            "chars": [
                "\u0023"
            ]
        },
        {
            "type": "bitmap",
            "file": "red_leaves:font/anim/artur/24.png",
            "ascent": 60,
            "height": 128,
            "chars": [
                "\u0024"
            ]
        },
        {
            "type": "bitmap",
            "file": "red_leaves:font/anim/artur/25.png",
            "ascent": 60,
            "height": 128,
            "chars": [
                "\u0025"
            ]
        },
        {
            "type": "bitmap",
            "file": "red_leaves:font/anim/artur/26.png",
            "ascent": 60,
            "height": 128,
            "chars": [
                "\u0026"
            ]
        },
        {
            "type": "bitmap",
            "file": "red_leaves:font/anim/artur/27.png",
            "ascent": 60,
            "height": 128,
            "chars": [
                "\u0027"
            ]
        },
        {
            "type": "bitmap",
            "file": "red_leaves:font/anim/artur/28.png",
            "ascent": 60,
            "height": 128,
            "chars": [
                "\u0028"
            ]
        },
        {
            "type": "bitmap",
            "file": "red_leaves:font/anim/artur/29.png",
            "ascent": 60,
            "height": 128,
            "chars": [
                "\u0029"
            ]
        },
        {
            "type": "bitmap",
            "file": "red_leaves:font/anim/artur/30.png",
            "ascent": 60,
            "height": 128,
            "chars": [
                "\u0030"
            ]
        },
        {
            "type": "bitmap",
            "file": "red_leaves:font/anim/artur/31.png",
            "ascent": 60,
            "height": 128,
            "chars": [
                "\u0031"
            ]
        },
        {
            "type": "bitmap",
            "file": "red_leaves:font/anim/artur/32.png",
            "ascent": 60,
            "height": 128,
            "chars": [
                "\u0032"
            ]
        }
    ]
}
