{
    "providers": [
        {
            "type": "reference",
            "id": "minecraft:include/space"
        },
        {
            "type": "bitmap",
            "file": "red_leaves:font/cat.png",
            "ascent": 60,
            "height": 128,
            "chars": [
                "\u0041"
            ]
        },
        {
            "type": "bitmap",
            "file": "red_leaves:font/anim/player_ring/01.png",
            "ascent": 60,
            "height": 128,
            "chars": [
                "\u0001"
            ]
        },
        {
            "type": "bitmap",
            "file": "red_leaves:font/anim/player_ring/02.png",
            "ascent": 60,
            "height": 128,
            "chars": [
                "\u0002"
            ]
        },
        {
            "type": "bitmap",
            "file": "red_leaves:font/anim/player_ring/03.png",
            "ascent": 60,
            "height": 128,
            "chars": [
                "\u0003"
            ]
        },
        {
            "type": "bitmap",
            "file": "red_leaves:font/anim/player_ring/04.png",
            "ascent": 60,
            "height": 128,
            "chars": [
                "\u0004"
            ]
        },
        {
            "type": "bitmap",
            "file": "red_leaves:font/anim/player_ring/05.png",
            "ascent": 60,
            "height": 128,
            "chars": [
                "\u0005"
            ]
        }
    ]
}
