{
    "providers": [
        {
            "type": "reference",
            "id": "minecraft:include/space"
        },
        {
            "type": "bitmap",
            "file": "red_leaves:font/cat.png",
            "ascent": 60,
            "height": 128,
            "chars": [
                "\u0041"
            ]
        },
        {
            "type": "bitmap",
            "file": "red_leaves:font/anim/player_knock/01.png",
            "ascent": 60,
            "height": 128,
            "chars": [
                "\u0001"
            ]
        },
        {
            "type": "bitmap",
            "file": "red_leaves:font/anim/player_knock/02.png",
            "ascent": 60,
            "height": 128,
            "chars": [
                "\u0002"
            ]
        },
        {
            "type": "bitmap",
            "file": "red_leaves:font/anim/player_knock/03.png",
            "ascent": 60,
            "height": 128,
            "chars": [
                "\u0003"
            ]
        },
        {
            "type": "bitmap",
            "file": "red_leaves:font/anim/player_knock/04.png",
            "ascent": 60,
            "height": 128,
            "chars": [
                "\u0004"
            ]
        },
        {
            "type": "bitmap",
            "file": "red_leaves:font/anim/player_knock/05.png",
            "ascent": 60,
            "height": 128,
            "chars": [
                "\u0005"
            ]
        },
        {
            "type": "bitmap",
            "file": "red_leaves:font/anim/player_knock/06.png",
            "ascent": 60,
            "height": 128,
            "chars": [
                "\u0006"
            ]
        },
        {
            "type": "bitmap",
            "file": "red_leaves:font/anim/player_knock/07.png",
            "ascent": 60,
            "height": 128,
            "chars": [
                "\u0007"
            ]
        },
        {
            "type": "bitmap",
            "file": "red_leaves:font/anim/player_knock/08.png",
            "ascent": 60,
            "height": 128,
            "chars": [
                "\u0008"
            ]
        },
        {
            "type": "bitmap",
            "file": "red_leaves:font/anim/player_knock/09.png",
            "ascent": 60,
            "height": 128,
            "chars": [
                "\u0009"
            ]
        },
        {
            "type": "bitmap",
            "file": "red_leaves:font/anim/player_knock/10.png",
            "ascent": 60,
            "height": 128,
            "chars": [
                "\u0010"
            ]
        },
        {
            "type": "bitmap",
            "file": "red_leaves:font/anim/player_knock/11.png",
            "ascent": 60,
            "height": 128,
            "chars": [
                "\u0011"
            ]
        },
        {
            "type": "bitmap",
            "file": "red_leaves:font/anim/player_knock/12.png",
            "ascent": 60,
            "height": 128,
            "chars": [
                "\u0012"
            ]
        },
        {
            "type": "bitmap",
            "file": "red_leaves:font/anim/player_knock/13.png",
            "ascent": 60,
            "height": 128,
            "chars": [
                "\u0013"
            ]
        },
        {
            "type": "bitmap",
            "file": "red_leaves:font/anim/player_knock/14.png",
            "ascent": 60,
            "height": 128,
            "chars": [
                "\u0014"
            ]
        },
        {
            "type": "bitmap",
            "file": "red_leaves:font/anim/player_knock/15.png",
            "ascent": 60,
            "height": 128,
            "chars": [
                "\u0015"
            ]
        }
    ]
}
