{
	"credit": "Made by Falanta Fantomo with Blockbench",
	"textures": {
		"0": "buckshot:item/item/inverter/inverter",
		"particle": "buckshot:item/item/inverter/inverter"
	},
	"elements": [
		{
			"from": [6, 7.5, 5],
			"to": [10, 8.5, 11],
			"rotation": {"angle": 0, "axis": "y", "origin": [0, 7.5, 0]},
			"faces": {
				"north": {"uv": [4, 11, 0, 12], "texture": "#0"},
				"east": {"uv": [3, 12, 4, 6], "rotation": 90, "texture": "#0"},
				"south": {"uv": [0, 6, 4, 7], "texture": "#0"},
				"west": {"uv": [0, 6, 1, 12], "rotation": 90, "texture": "#0"},
				"up": {"uv": [0, 0, 4, 6], "texture": "#0"},
				"down": {"uv": [0, 6, 4, 12], "texture": "#0"}
			}
		},
		{
			"from": [7, 8, 7],
			"to": [9, 9, 9],
			"rotation": {"angle": 45, "axis": "y", "origin": [8, 9, 8]},
			"faces": {
				"north": {"uv": [6, 0, 4, 1], "texture": "#0"},
				"east": {"uv": [5, 0, 6, 2], "rotation": 90, "texture": "#0"},
				"south": {"uv": [4, 1, 6, 2], "texture": "#0"},
				"west": {"uv": [4, 2, 5, 0], "rotation": 90, "texture": "#0"},
				"up": {"uv": [6, 0, 8, 2], "texture": "#0"},
				"down": {"uv": [0, 0, 2, 2], "texture": "#missing"}
			}
		}
	],
	"gui_light": "front",
	"display": {
		"thirdperson_righthand": {
			"rotation": [65, 90, 0],
			"translation": [0, 1, -0.5]
		},
		"thirdperson_lefthand": {
			"rotation": [65, -90, 0],
			"translation": [0, 1, -0.5]
		},
		"firstperson_righthand": {
			"rotation": [-165, 120, -120],
			"translation": [0, 1.5, -0.5]
		},
		"firstperson_lefthand": {
			"rotation": [-165, 120, -120],
			"translation": [0, 1.5, -0.5]
		},
		"ground": {
			"scale": [0.5, 0.5, 0.5]
		},
		"gui": {
			"rotation": [70, 135, 20],
			"scale": [2, 2, 2]
		},
		"fixed": {
			"rotation": [-90, 0, 0],
			"scale": [2, 2, 2]
		}
	}
}