{
  "music.night_hill": {
      "category": "master",
      "sounds": [
        {"name": "red_leaves:music/night_hill"}
      ],
      "subtitle": "Приятная музыка"
  },
  "music.old_hotel": {
      "category": "master",
      "sounds": [
        {"name": "red_leaves:music/old_hotel"}
      ],
      "subtitle": "Приятная музыка"
  },
  "entity.player.jump": {
      "category": "block",
      "replace": true,
      "sounds": [
        {"name": "red_leaves:entity/player/jump"}
      ],
      "subtitle": "Прыжок"
  },
  "entity.door.ring": {
      "category": "block",
      "replace": true,
      "sounds": [
        {"name": "red_leaves:entity/door/ring"}
      ],
      "subtitle": "Звонок"
  },
  "entity.door.knock": {
      "category": "block",
      "replace": true,
      "sounds": [
        {"name": "red_leaves:entity/door/knock"}
      ],
      "subtitle": "Стук в дверь"
  }
  
}
