{
	"credit": "Made by Falanta Fantomo with Blockbench",
	"textures": {
		"0": "buckshot:item/item/beer/beer",
		"particle": "buckshot:item/item/beer/beer"
	},
	"elements": [
		{
			"from": [6.5, 5, 6.5],
			"to": [9.5, 11, 9.5],
			"rotation": {"angle": 0, "axis": "y", "origin": [8, 8, 8]},
			"faces": {
				"north": {"uv": [0, 0, 3, 6], "texture": "#0"},
				"east": {"uv": [9, 0, 12, 6], "texture": "#0"},
				"south": {"uv": [6, 0, 9, 6], "texture": "#0"},
				"west": {"uv": [3, 0, 6, 6], "texture": "#0"},
				"up": {"uv": [12, 6, 15, 9], "texture": "#0"},
				"down": {"uv": [12, 3, 15, 6], "texture": "#0"}
			}
		}
	],
	"gui_light": "front",
	"display": {
		"ground": {
			"scale": [0.5, 0.5, 0.5]
		},
		"gui": {
			"rotation": [20, 135, 0],
			"scale": [2, 2, 2]
		},
		"head": {
			"translation": [0, 11, 0],
			"scale": [1.6, 1.6, 1.6]
		},
		"fixed": {
			"rotation": [-90, 0, 0],
			"translation": [0, 0, -6],
			"scale": [2, 2, 2]
		}
	},
	"groups": [
		{
			"name": "beer",
			"origin": [-6.5, 18, -11.5],
			"rotation": [0, 22.5, 0],
			"color": 0,
			"children": [0]
		}
	]
}